#,Hall.,H. Type,Unnamed: 3,L0,L0_ii,L0_iii,L0_iv,L1,L2,Q0,Q0_ii,Q0_iii,Q0_iv,Q1,Q2,M0,M0_ii,M0_iii,M0_iv,M1,M2,G0,G0_ii,G0_iii,G0_iv,G1,G2,Unnamed: 28,L0.1,L0_ii.1,L0_iii.1,L0_iv.1,L1.1,L2.1,Q0.1,Q0_ii.1,Q0_iii.1,Q0_iv.1,Q1.1,Q2.1,M0.1,M0_ii.1,M0_iii.1,M0_iv.1,M1.1,M2.1,G0.1,G0_ii.1,G0_iii.1,G0_iv.1,G1.1,G2.1,Unnamed: 53,L0.2,L0_ii.2,L0_iii.2,L0_iv.2,L1.2,L2.2,Q0.2,Q0_ii.2,Q0_iii.2,Q0_iv.2,Q1.2,Q2.2,M0.2,M0_ii.2,M0_iii.2,M0_iv.2,M1.2,M2.2,G0.2,G0_ii.2,G0_iii.2,G0_iv.2,G1.2,G2.2,Unnamed: 78,L0.3,L0_ii.3,L0_iii.3,L0_iv.3,L1.3,L2.3,Q0.3,Q0_ii.3,Q0_iii.3,Q0_iv.3,Q1.3,Q2.3,M0.3,M0_ii.3,M0_iii.3,M0_iv.3,M1.3,M2.3,G0.3,G0_ii.3,G0_iii.3,G0_iv.3,G1.3,G2.3,Unnamed: 103,Support,Prec. Macro,Prec. Macro Balanced,Prec. Micro A,Prec. Micro B,Optimal numeric,E1_score,E2_score,E3_score,E4_score,E5_score,E6_score,Rank,is_hall,is_real,k,cum_covered,cum_hall
GS.1.1,No,,H.1.1,X,X,X,X,X,X,X,X,X,X,X,X,X,X,X,X,X,X,P,X,X,X,X,X,,"0,89","0,89","0,89","0,89","0,80","0,89","0,76","0,76","0,76","0,76","0,75","0,72","0,66","0,66","0,66","0,66","0,75","0,61","0,85","0,85","0,85","0,85","0,60","0,74",,"0,89","0,89","0,89","0,89","0,80","0,89","0,74","0,74","0,74","0,74","0,75","0,72","0,65","0,65","0,65","0,65","0,75","0,61","0,84","0,84","0,84","0,84","0,60","0,74",,"0,78","0,78","0,78","0,78","0,80","0,89","0,49","0,49","0,49","0,49","0,75","0,72","0,49","0,49","0,49","0,49","0,75","0,61","0,68","0,68","0,68","0,68","0,60","0,74",,24,"18,49","11,582","18,36","15,59","1,000000",18.49,24,11.582,18.36,15.59,1.0,1,False,True,1,1,0
GS.6.1,No,,H.6.1,X,X,P,P,X,X,X,X,X,X,X,X,X,X,X,X,P,X,X,X,X,X,X,X,,"0,89","0,89","0,89","0,89","0,80","0,89","0,76","0,76","0,76","0,76","0,75","0,72","0,66","0,66","0,66","0,66","0,75","0,61","0,85","0,85","0,85","0,85","0,60","0,74",,"0,89","0,89","0,89","0,89","0,80","0,89","0,74","0,74","0,74","0,74","0,75","0,72","0,65","0,65","0,65","0,65","0,75","0,61","0,84","0,84","0,84","0,84","0,60","0,74",,"0,78","0,78","0,78","0,78","0,80","0,89","0,49","0,49","0,49","0,49","0,75","0,72","0,49","0,49","0,49","0,49","0,75","0,61","0,68","0,68","0,68","0,68","0,60","0,74",,24,"18,49","11,582","18,36","15,59","1,000000",18.49,24,11.582,18.36,15.59,1.0,1,False,True,2,2,0
GS.5.1,No,,H.5.1,X,X,X,X,X,X,X,X,X,X,X,X,X,X,X,X,X,X,X,X,X,X,X,X,,"0,89","0,89","0,89","0,89","0,80","0,89","0,76","0,76","0,76","0,76","0,75","0,72","0,66","0,66","0,66","0,66","0,75","0,61","0,85","0,85","0,85","0,85","0,60","0,74",,"0,89","0,89","0,89","0,89","0,80","0,89","0,74","0,74","0,74","0,74","0,75","0,72","0,65","0,65","0,65","0,65","0,75","0,61","0,84","0,84","0,84","0,84","0,60","0,74",,"0,78","0,78","0,78","0,78","0,80","0,89","0,49","0,49","0,49","0,49","0,75","0,72","0,49","0,49","0,49","0,49","0,75","0,61","0,68","0,68","0,68","0,68","0,60","0,74",,24,"18,49","11,582","18,36","15,59","1,000000",18.49,24,11.582,18.36,15.59,1.0,1,False,True,3,3,0
GS.8.1,No,,H.8.1,X,X,X,X,X,X,X,X,X,X,X,X,X,X,X,X,X,X,X,X,X,X,X,X,,"0,89","0,89","0,89","0,89","0,80","0,89","0,76","0,76","0,76","0,76","0,75","0,72","0,66","0,66","0,66","0,66","0,75","0,61","0,85","0,85","0,85","0,85","0,60","0,74",,"0,89","0,89","0,89","0,89","0,80","0,89","0,74","0,74","0,74","0,74","0,75","0,72","0,65","0,65","0,65","0,65","0,75","0,61","0,84","0,84","0,84","0,84","0,60","0,74",,"0,78","0,78","0,78","0,78","0,80","0,89","0,49","0,49","0,49","0,49","0,75","0,72","0,49","0,49","0,49","0,49","0,75","0,61","0,68","0,68","0,68","0,68","0,60","0,74",,24,"18,49","11,582","18,36","15,59","1,000000",18.49,24,11.582,18.36,15.59,1.0,1,False,True,4,4,0
GS.7.1,No,,H.7.1,X,X,X,X,X,X,P,P,P,P,P,P,P,P,P,P,P,P,X,X,X,X,X,P,,"0,89","0,89","0,89","0,89","0,80","0,89","0,76","0,76","0,76","0,76","0,75","0,72","0,66","0,66","0,66","0,66","0,75","0,61","0,85","0,85","0,85","0,85","0,60","0,74",,"0,89","0,89","0,89","0,89","0,80","0,89","0,74","0,74","0,74","0,74","0,75","0,72","0,65","0,65","0,65","0,65","0,75","0,61","0,84","0,84","0,84","0,84","0,60","0,74",,"0,78","0,78","0,78","0,78","0,80","0,89","0,49","0,49","0,49","0,49","0,75","0,72","0,49","0,49","0,49","0,49","0,75","0,61","0,68","0,68","0,68","0,68","0,60","0,74",,24,"18,49","11,582","18,36","15,59","1,000000",18.49,24,11.582,18.36,15.59,1.0,1,False,True,5,5,0
GS.3.1,No,,H.3.1,P,P,P,P,P,P,P,X,X,P,P,P,P,,P,P,P,P,X,X,X,X,X,X,,"0,89","0,89","0,89","0,89","0,80","0,89","0,76","0,76","0,76","0,76","0,75","0,72","0,66",,"0,66","0,66","0,75","0,61","0,85","0,85","0,85","0,85","0,60","0,74",,"0,89","0,89","0,89","0,89","0,80","0,89","0,74","0,74","0,74","0,74","0,75","0,72","0,65",,"0,65","0,65","0,75","0,61","0,84","0,84","0,84","0,84","0,60","0,74",,"0,78","0,78","0,78","0,78","0,80","0,89","0,49","0,49","0,49","0,49","0,75","0,72","0,49",,"0,49","0,49","0,75","0,61","0,68","0,68","0,68","0,68","0,60","0,74",,23,"17,84","11,418","17,70","15,10","0,988789",17.84,23,11.418,17.7,15.1,0.988789,2,False,True,6,6,0
GS.9.1,No,,H.9.1,X,X,X,X,X,X,X,X,X,X,P,,X,X,P,X,X,X,X,X,X,X,X,X,,"0,89","0,89","0,89","0,89","0,80","0,89","0,76","0,76","0,76","0,76","0,75",,"0,66","0,66","0,66","0,66","0,75","0,61","0,85","0,85","0,85","0,85","0,60","0,74",,"0,89","0,89","0,89","0,89","0,80","0,89","0,74","0,74","0,74","0,74","0,75",,"0,65","0,65","0,65","0,65","0,75","0,61","0,84","0,84","0,84","0,84","0,60","0,74",,"0,78","0,78","0,78","0,78","0,80","0,89","0,49","0,49","0,49","0,49","0,75",,"0,49","0,49","0,49","0,49","0,75","0,61","0,68","0,68","0,68","0,68","0,60","0,74",,23,"17,77","10,858","17,63","14,87","0,963206",17.77,23,10.858,17.63,14.87,0.963206,3,False,True,7,7,0
GS.4.7,No,,H.4.7,P,P,P,P,P,P,X,X,X,X,X,P,X,X,X,X,X,X,,X,X,P,P,P,,"0,89","0,89","0,89","0,89","0,80","0,89","0,76","0,76","0,76","0,76","0,75","0,72","0,66","0,66","0,66","0,66","0,75","0,61",,"0,85","0,85","0,85","0,60","0,74",,"0,89","0,89","0,89","0,89","0,80","0,89","0,74","0,74","0,74","0,74","0,75","0,72","0,65","0,65","0,65","0,65","0,75","0,61",,"0,84","0,84","0,84","0,60","0,74",,"0,78","0,78","0,78","0,78","0,80","0,89","0,49","0,49","0,49","0,49","0,75","0,72","0,49","0,49","0,49","0,49","0,75","0,61",,"0,68","0,68","0,68","0,60","0,74",,23,"17,64","10,728","17,51","14,92","0,958337",17.64,23,10.728,17.51,14.92,0.958337,4,False,True,8,8,0
GS.9.3,No,,H.9.3,X,X,X,X,X,,X,X,X,X,X,X,X,X,X,X,X,X,X,X,X,X,X,X,,"0,89","0,89","0,89","0,89","0,80",,"0,76","0,76","0,76","0,76","0,75","0,72","0,66","0,66","0,66","0,66","0,75","0,61","0,85","0,85","0,85","0,85","0,60","0,74",,"0,89","0,89","0,89","0,89","0,80",,"0,74","0,74","0,74","0,74","0,75","0,72","0,65","0,65","0,65","0,65","0,75","0,61","0,84","0,84","0,84","0,84","0,60","0,74",,"0,78","0,78","0,78","0,78","0,80",,"0,49","0,49","0,49","0,49","0,75","0,72","0,49","0,49","0,49","0,49","0,75","0,61","0,68","0,68","0,68","0,68","0,60","0,74",,23,"17,60","10,690","17,46","14,70","0,945609",17.6,23,10.69,17.46,14.7,0.945609,5,False,True,9,9,0
GS.2.1,No,,H.2.1,X,X,X,X,P,X,P,X,X,P,X,X,,,,X,X,,P,X,X,P,X,P,,"0,89","0,89","0,89","0,89","0,80","0,89","0,76","0,76","0,76","0,76","0,75","0,72",,,,"0,66","0,75",,"0,85","0,85","0,85","0,85","0,60","0,74",,"0,89","0,89","0,89","0,89","0,80","0,89","0,74","0,74","0,74","0,74","0,75","0,72",,,,"0,65","0,75",,"0,84","0,84","0,84","0,84","0,60","0,74",,"0,78","0,78","0,78","0,78","0,80","0,89","0,49","0,49","0,49","0,49","0,75","0,72",,,,"0,49","0,75",,"0,68","0,68","0,68","0,68","0,60","0,74",,20,"15,91","10,483","15,79","13,52","0,898373",15.91,20,10.483,15.79,13.52,0.898373,6,False,True,10,10,0
GS.7.2,No,,H.7.2,,X,X,X,X,X,,,,,,X,P,,,P,P,P,X,X,X,X,,,,,"0,89","0,89","0,89","0,80","0,89",,,,,,"0,72","0,66",,,"0,66","0,75","0,61","0,85","0,85","0,85","0,85",,,,,"0,89","0,89","0,89","0,80","0,89",,,,,,"0,72","0,65",,,"0,65","0,75","0,61","0,84","0,84","0,84","0,84",,,,,"0,78","0,78","0,78","0,80","0,89",,,,,,"0,72","0,49",,,"0,49","0,75","0,61","0,68","0,68","0,68","0,68",,,,14,"11,17","8,186","11,11","9,78","0,635923",11.17,14,8.186,11.11,9.78,0.635923,7,False,True,11,11,0
GS.10.2,No,,H.10.2,X,P,X,X,X,,,,,,,X,X,X,X,,,X,P,P,P,P,,,,"0,89","0,89","0,89","0,89","0,80",,,,,,,"0,72","0,66","0,66","0,66",,,"0,61","0,85","0,85","0,85","0,85",,,,"0,89","0,89","0,89","0,89","0,80",,,,,,,"0,72","0,65","0,65","0,65",,,"0,61","0,84","0,84","0,84","0,84",,,,"0,78","0,78","0,78","0,78","0,80",,,,,,,"0,72","0,49","0,49","0,49",,,"0,61","0,68","0,68","0,68","0,68",,,,14,"11,07","6,929","11,01","9,41","0,625181",11.07,14,6.929,11.01,9.41,0.625181,8,False,True,12,12,0
GS.10.1,No,,H.10.1,,,,,X,P,,X,X,X,,,X,X,X,X,X,X,,X,,X,,X,,,,,,"0,80","0,89",,"0,76","0,76","0,76",,,"0,66","0,66","0,66","0,66","0,75","0,61",,"0,85",,"0,85",,"0,74",,,,,,"0,80","0,89",,"0,74","0,74","0,74",,,"0,65","0,65","0,65","0,65","0,75","0,61",,"0,84",,"0,84",,"0,74",,,,,,"0,80","0,89",,"0,49","0,49","0,49",,,"0,49","0,49","0,49","0,49","0,75","0,61",,"0,68",,"0,68",,"0,74",,14,"10,40","6,722","10,31","8,57","0,526992",10.4,14,6.722,10.31,8.57,0.526992,9,False,True,13,13,0
GS.5.2,No,,H.5.2,P,P,P,P,,,X,X,X,X,X,,,,,,,,X,X,X,X,,X,,"0,89","0,89","0,89","0,89",,,"0,76","0,76","0,76","0,76","0,75",,,,,,,,"0,85","0,85","0,85","0,85",,"0,74",,"0,89","0,89","0,89","0,89",,,"0,74","0,74","0,74","0,74","0,75",,,,,,,,"0,84","0,84","0,84","0,84",,"0,74",,"0,78","0,78","0,78","0,78",,,"0,49","0,49","0,49","0,49","0,75",,,,,,,,"0,68","0,68","0,68","0,68",,"0,74",,14,"11,49","6,551","11,37","9,26","0,668489",11.49,14,6.551,11.37,9.26,0.668489,10,False,True,14,14,0
GS.10.3,No,,H.10.3,X,,,X,,X,X,,,,X,X,P,P,,,,,X,,,X,X,X,,"0,89",,,"0,89",,"0,89","0,76",,,,"0,75","0,72","0,66","0,66",,,,,"0,85",,,"0,85","0,60","0,74",,"0,89",,,"0,89",,"0,89","0,74",,,,"0,75","0,72","0,65","0,65",,,,,"0,84",,,"0,84","0,60","0,74",,"0,78",,,"0,78",,"0,89","0,49",,,,"0,75","0,72","0,49","0,49",,,,,"0,68",,,"0,68","0,60","0,74",,12,"9,26","6,375","9,21","8,08","0,484838",9.26,12,6.375,9.21,8.08,0.484838,11,False,True,15,15,0
GS.4.5,No,,H.4.5,X,X,X,P,X,X,X,,P,P,,P,,,,,P,P,,,,,X,,,"0,89","0,89","0,89","0,89","0,80","0,89","0,76",,"0,76","0,76",,"0,72",,,,,"0,75","0,61",,,,,"0,60",,,"0,89","0,89","0,89","0,89","0,80","0,89","0,74",,"0,74","0,74",,"0,72",,,,,"0,75","0,61",,,,,"0,60",,,"0,78","0,78","0,78","0,78","0,80","0,89","0,49",,"0,49","0,49",,"0,72",,,,,"0,75","0,61",,,,,"0,60",,,13,"10,20","5,829","10,14","8,95","0,628299",10.2,13,5.829,10.14,8.95,0.628299,12,False,True,16,16,0
GS.10.5,No,,,,X,X,X,,X,,,,,X,,,,,,,,X,X,X,X,,,,,"0,89","0,89","0,89",,"0,89",,,,,"0,75",,,,,,,,"0,85","0,85","0,85","0,85",,,,,"0,89","0,89","0,89",,"0,89",,,,,"0,75",,,,,,,,"0,84","0,84","0,84","0,84",,,,,"0,78","0,78","0,78",,"0,89",,,,,"0,75",,,,,,,,"0,68","0,68","0,68","0,68",,,,9,"7,72","5,727","7,67","6,67","0,437730",7.72,9,5.727,7.67,6.67,0.43773,13,False,True,17,17,0
GS.4.1,No,,H.4.1,X,X,X,P,X,X,X,P,P,P,,P,,,,,P,P,,,,,,,,"0,89","0,89","0,89","0,89","0,80","0,89","0,76","0,76","0,76","0,76",,"0,72",,,,,"0,75","0,61",,,,,,,,"0,89","0,89","0,89","0,89","0,80","0,89","0,74","0,74","0,74","0,74",,"0,72",,,,,"0,75","0,61",,,,,,,,"0,78","0,78","0,78","0,78","0,80","0,89","0,49","0,49","0,49","0,49",,"0,72",,,,,"0,75","0,61",,,,,,,,13,"10,36","5,419","10,28","8,84","0,653754",10.36,13,5.419,10.28,8.84,0.653754,14,False,True,18,18,0
GS.7.3,No,,H.7.3,,,X,X,,X,X,X,X,X,,,,,,,X,,X,,X,X,,,,,,"0,89","0,89",,"0,89","0,76","0,76","0,76","0,76",,,,,,,"0,75",,"0,85",,"0,85","0,85",,,,,,"0,89","0,89",,"0,89","0,74","0,74","0,74","0,74",,,,,,,"0,75",,"0,84",,"0,84","0,84",,,,,,"0,78","0,78",,"0,89","0,49","0,49","0,49","0,49",,,,,,,"0,75",,"0,68",,"0,68","0,68",,,,11,"9,02","5,409","8,91","7,19","0,524152",9.02,11,5.409,8.91,7.19,0.524152,15,False,True,19,19,0
GS.3.6,No,,,,,,,X,,X,,,,X,X,,,,,X,,,,X,,X,X,,,,,,"0,80",,"0,76",,,,"0,75","0,72",,,,,"0,75",,,,"0,85",,"0,60","0,74",,,,,,"0,80",,"0,74",,,,"0,75","0,72",,,,,"0,75",,,,"0,84",,"0,60","0,74",,,,,,"0,80",,"0,49",,,,"0,75","0,72",,,,,"0,75",,,,"0,68",,"0,60","0,74",,8,"5,97","5,405","5,94","5,53","0,272529",5.97,8,5.405,5.94,5.53,0.272529,16,False,True,20,20,0
GS.9.6,No,,,,,,,,,,,,,,X,,,,,,X,X,X,X,X,,,,,,,,,,,,,,,"0,72",,,,,,"0,61","0,85","0,85","0,85","0,85",,,,,,,,,,,,,,,"0,72",,,,,,"0,61","0,84","0,84","0,84","0,84",,,,,,,,,,,,,,,"0,72",,,,,,"0,61","0,68","0,68","0,68","0,68",,,,6,"4,75","4,749","4,70","4,03","0,228389",4.75,6,4.749,4.7,4.03,0.228389,17,False,True,21,21,0
GS.4.3,No,,H.4.3,X,X,X,P,,X,P,P,P,P,,P,,,,,P,P,,,,,,,,"0,89","0,89","0,89","0,89",,"0,89","0,76","0,76","0,76","0,76",,"0,72",,,,,"0,75","0,61",,,,,,,,"0,89","0,89","0,89","0,89",,"0,89","0,74","0,74","0,74","0,74",,"0,72",,,,,"0,75","0,61",,,,,,,,"0,78","0,78","0,78","0,78",,"0,89","0,49","0,49","0,49","0,49",,"0,72",,,,,"0,75","0,61",,,,,,,,12,"9,56","4,619","9,48","8,04","0,604980",9.56,12,4.619,9.48,8.04,0.60498,18,False,True,22,22,0
GS.3.2,No,,H.3.2,X,X,P,P,P,,,,,,X,X,,,,,,,,,,X,P,,,"0,89","0,89","0,89","0,89","0,80",,,,,,"0,75","0,72",,,,,,,,,,"0,85","0,60",,,"0,89","0,89","0,89","0,89","0,80",,,,,,"0,75","0,72",,,,,,,,,,"0,84","0,60",,,"0,78","0,78","0,78","0,78","0,80",,,,,,"0,75","0,72",,,,,,,,,,"0,68","0,60",,,9,"7,28","4,616","7,27","6,65","0,446698",7.28,9,4.616,7.27,6.65,0.446698,19,False,True,23,23,0
GS.4.2,No,,H.4.2,X,X,X,P,X,X,,P,P,P,,,,,,,P,P,,,,,,,,"0,89","0,89","0,89","0,89","0,80","0,89",,"0,76","0,76","0,76",,,,,,,"0,75","0,61",,,,,,,,"0,89","0,89","0,89","0,89","0,80","0,89",,"0,74","0,74","0,74",,,,,,,"0,75","0,61",,,,,,,,"0,78","0,78","0,78","0,78","0,80","0,89",,"0,49","0,49","0,49",,,,,,,"0,75","0,61",,,,,,,,11,"8,87","4,505","8,82","7,63","0,584415",8.87,11,4.505,8.82,7.63,0.584415,20,False,True,24,24,0
L0.3.3; L0_ii.3.2; L1.3.2; Q0_ii.3.2; Q0_iii.3.3; Q0_iv.3.1; Q1.3.7; Q2.3.1; M0_ii.3.1; M0_iii.3.1,Yes,Scope misalignment,,X,X,,,X,,,X,X,X,X,X,,X,X,,,,,,,,,,,"0,89","0,89",,,"0,80",,,"0,76","0,76","0,76","0,75","0,72",,"0,66","0,66",,,,,,,,,,,"0,89","0,89",,,"0,80",,,"0,74","0,74","0,74","0,75","0,72",,"0,65","0,65",,,,,,,,,,,"0,78","0,78",,,"0,80",,,"0,49","0,49","0,49","0,75","0,72",,"0,49","0,49",,,,,,,,,,,10,"7,64","3,616","7,58","6,28","0,427714",7.64,10,3.616,7.58,6.28,0.427714,21,True,False,25,24,1
GS.3.4,No,,H.3.4,,X,,,,,X,X,X,P,,,,,,,,,X,X,,P,,,,,"0,89",,,,,"0,76","0,76","0,76","0,76",,,,,,,,,"0,85","0,85",,"0,85",,,,,"0,89",,,,,"0,74","0,74","0,74","0,74",,,,,,,,,"0,84","0,84",,"0,84",,,,,"0,78",,,,,"0,49","0,49","0,49","0,49",,,,,,,,,"0,68","0,68",,"0,68",,,,8,"6,49","3,545","6,38","4,77","0,358995",6.49,8,3.545,6.38,4.77,0.358995,22,False,True,26,25,1
L0_iv.10.4; G0.10.1; G0_iii.10.3; G0_iv.10.2; G2.10.1,Yes,Architectural infeasibility,,,,,X,,,,,,,,,,,,,,,X,,X,X,,X,,,,,"0,89",,,,,,,,,,,,,,,"0,85",,"0,85","0,85",,"0,74",,,,,"0,89",,,,,,,,,,,,,,,"0,84",,"0,84","0,84",,"0,74",,,,,"0,78",,,,,,,,,,,,,,,"0,68",,"0,68","0,68",,"0,74",,5,"4,19","3,523","4,15","3,54","0,215554",4.19,5,3.523,4.15,3.54,0.215554,23,True,False,27,25,2
GS.4.8,No,,H.4.8,P,,,,,,P,P,P,P,,,,,,,,X,P,P,,,,,,"0,89",,,,,,"0,76","0,76","0,76","0,76",,,,,,,,"0,61","0,85","0,85",,,,,,"0,89",,,,,,"0,74","0,74","0,74","0,74",,,,,,,,"0,61","0,84","0,84",,,,,,"0,78",,,,,,"0,49","0,49","0,49","0,49",,,,,,,,"0,61","0,68","0,68",,,,,,8,"6,24","3,296","6,14","4,70","0,369096",6.24,8,3.296,6.14,4.7,0.369096,24,False,True,28,26,2
GS.7.5,No,,,X,,,,,X,,,,,,,X,X,,,X,X,,,,,,,,"0,89",,,,,"0,89",,,,,,,"0,66","0,66",,,"0,75","0,61",,,,,,,,"0,89",,,,,"0,89",,,,,,,"0,65","0,65",,,"0,75","0,61",,,,,,,,"0,78",,,,,"0,89",,,,,,,"0,49","0,49",,,"0,75","0,61",,,,,,,,6,"4,45","2,800","4,44","4,01","0,257197",4.45,6,2.8,4.44,4.01,0.257197,25,False,True,29,27,2
GS.5.3,No,,,X,X,X,X,X,X,,,,,,,,,,,,,,,,,,,,"0,89","0,89","0,89","0,89","0,80","0,89",,,,,,,,,,,,,,,,,,,,"0,89","0,89","0,89","0,89","0,80","0,89",,,,,,,,,,,,,,,,,,,,"0,78","0,78","0,78","0,78","0,80","0,89",,,,,,,,,,,,,,,,,,,,6,"5,24","2,580","5,24","4,80","0,375865",5.24,6,2.58,5.24,4.8,0.375865,26,False,True,30,28,2
GS.4.19,No,,,,,,,,,,,,,,,,,,,,,X,,X,X,,,,,,,,,,,,,,,,,,,,,,"0,85",,"0,85","0,85",,,,,,,,,,,,,,,,,,,,,,"0,84",,"0,84","0,84",,,,,,,,,,,,,,,,,,,,,,"0,68",,"0,68","0,68",,,,3,"2,56","2,564","2,53","2,03","0,122619",2.56,3,2.564,2.53,2.03,0.122619,27,False,True,31,29,2
L1.3.4; Q1.3.9; Q2.3.5,Yes,Template drift,,,,,,X,,,,,,X,X,,,,,,,,,,,,,,,,,,"0,80",,,,,,"0,75","0,72",,,,,,,,,,,,,,,,,,"0,80",,,,,,"0,75","0,72",,,,,,,,,,,,,,,,,,"0,80",,,,,,"0,75","0,72",,,,,,,,,,,,,,3,"2,27","2,274","2,27","2,27","0,113009",2.27,3,2.274,2.27,2.27,0.113009,28,True,False,32,29,3
GS.4.4,No,,H.4.4,X,,,,,,X,,P,P,,,,,,,P,P,,,,,,,,"0,89",,,,,,"0,76",,"0,76","0,76",,,,,,,"0,75","0,61",,,,,,,,"0,89",,,,,,"0,74",,"0,74","0,74",,,,,,,"0,75","0,61",,,,,,,,"0,78",,,,,,"0,49",,"0,49","0,49",,,,,,,"0,75","0,61",,,,,,,,6,"4,52","2,147","4,46","3,61","0,276779",4.52,6,2.147,4.46,3.61,0.276779,29,False,True,33,30,3
GS.5.6,No,,,,,,,,,,X,X,,,,,,,,,,,,X,,X,,,,,,,,,,"0,76","0,76",,,,,,,,,,,,"0,85",,"0,60",,,,,,,,,,"0,74","0,74",,,,,,,,,,,,"0,84",,"0,60",,,,,,,,,,"0,49","0,49",,,,,,,,,,,,"0,68",,"0,60",,,4,"2,97","1,834","2,92","2,26","0,147305",2.97,4,1.834,2.92,2.26,0.147305,30,False,True,34,31,3
GS.6.4,No,,,,,,,,,,,,,,,,,,,,,X,,X,,,,,,,,,,,,,,,,,,,,,,,"0,85",,"0,85",,,,,,,,,,,,,,,,,,,,,,,"0,84",,"0,84",,,,,,,,,,,,,,,,,,,,,,,"0,68",,"0,68",,,,,2,"1,71","1,709","1,68","1,35","0,082579",1.71,2,1.709,1.68,1.35,0.082579,31,False,True,35,32,3
GS.3.5,No,,H.3.5,X,X,X,X,X,,,,,,,,,,,,,,,,,,,,,"0,89","0,89","0,89","0,89","0,80",,,,,,,,,,,,,,,,,,,,,"0,89","0,89","0,89","0,89","0,80",,,,,,,,,,,,,,,,,,,,,"0,78","0,78","0,78","0,78","0,80",,,,,,,,,,,,,,,,,,,,,5,"4,35","1,687","4,35","3,90","0,321474",4.35,5,1.687,4.35,3.9,0.321474,32,False,True,36,33,3
GS.4.10,No,,,X,,,,X,,,,,,,,X,X,X,X,,,,,,,,,,"0,89",,,,"0,80",,,,,,,,"0,66","0,66","0,66","0,66",,,,,,,,,,"0,89",,,,"0,80",,,,,,,,"0,65","0,65","0,65","0,65",,,,,,,,,,"0,78",,,,"0,80",,,,,,,,"0,49","0,49","0,49","0,49",,,,,,,,,,6,"4,32","1,680","4,30","3,54","0,236739",4.32,6,1.68,4.3,3.54,0.236739,33,False,True,37,34,3
GS.4.12,No,,,X,,,,X,,,,,,,,X,X,X,X,,,,,,,,,,"0,89",,,,"0,80",,,,,,,,"0,66","0,66","0,66","0,66",,,,,,,,,,"0,89",,,,"0,80",,,,,,,,"0,65","0,65","0,65","0,65",,,,,,,,,,"0,78",,,,"0,80",,,,,,,,"0,49","0,49","0,49","0,49",,,,,,,,,,6,"4,32","1,680","4,30","3,54","0,236739",4.32,6,1.68,4.3,3.54,0.236739,33,False,True,38,35,3
M0_ii.8.4; M1.8.3; M2.8.4,Yes,Architectural infeasibility,,,,,,,,,,,,,,,X,,,X,X,,,,,,,,,,,,,,,,,,,,,"0,66",,,"0,75","0,61",,,,,,,,,,,,,,,,,,,,,"0,65",,,"0,75","0,61",,,,,,,,,,,,,,,,,,,,,"0,49",,,"0,75","0,61",,,,,,,,3,"2,01","1,521","2,01","1,85","0,075937",2.01,3,1.521,2.01,1.85,0.075937,34,True,False,39,35,4
M0_ii.8.3; M1.8.2; M2.8.3,Yes,Architectural infeasibility,,,,,,,,,,,,,,,X,,,X,X,,,,,,,,,,,,,,,,,,,,,"0,66",,,"0,75","0,61",,,,,,,,,,,,,,,,,,,,,"0,65",,,"0,75","0,61",,,,,,,,,,,,,,,,,,,,,"0,49",,,"0,75","0,61",,,,,,,,3,"2,01","1,521","2,01","1,85","0,075937",2.01,3,1.521,2.01,1.85,0.075937,34,True,False,40,35,5
M1.10.4; M2.10.3,Yes,Architectural infeasibility,,,,,,,,,,,,,,,,,,X,X,,,,,,,,,,,,,,,,,,,,,,,,"0,75","0,61",,,,,,,,,,,,,,,,,,,,,,,,"0,75","0,61",,,,,,,,,,,,,,,,,,,,,,,,"0,75","0,61",,,,,,,,2,"1,36","1,356","1,36","1,36","0,064726",1.36,2,1.356,1.36,1.36,0.064726,35,True,False,41,35,6
M1.10.3; M2.10.2,Yes,Architectural infeasibility,,,,,,,,,,,,,,,,,,X,X,,,,,,,,,,,,,,,,,,,,,,,,"0,75","0,61",,,,,,,,,,,,,,,,,,,,,,,,"0,75","0,61",,,,,,,,,,,,,,,,,,,,,,,,"0,75","0,61",,,,,,,,2,"1,36","1,356","1,36","1,36","0,064726",1.36,2,1.356,1.36,1.36,0.064726,35,True,False,42,35,7
M1.10.5; M2.10.4,Yes,Architectural infeasibility,,,,,,,,,,,,,,,,,,X,X,,,,,,,,,,,,,,,,,,,,,,,,"0,75","0,61",,,,,,,,,,,,,,,,,,,,,,,,"0,75","0,61",,,,,,,,,,,,,,,,,,,,,,,,"0,75","0,61",,,,,,,,2,"1,36","1,356","1,36","1,36","0,064726",1.36,2,1.356,1.36,1.36,0.064726,35,True,False,43,35,8
L0_iii.2.5; L1.2.1. M0_ii.2.2; M0_iii.2.3,Yes,Scope misalignment,,,,X,,X,,,,,,,,,X,X,,,,,,,,,,,,,"0,89",,"0,80",,,,,,,,,"0,66","0,66",,,,,,,,,,,,,"0,89",,"0,80",,,,,,,,,"0,65","0,65",,,,,,,,,,,,,"0,78",,"0,80",,,,,,,,,"0,49","0,49",,,,,,,,,,,4,"3,00","1,351","3,00","2,56","0,145425",3.0,4,1.351,3.0,2.56,0.145425,36,True,False,44,35,9
G1.3.5; G2.3.5,Yes,Template drift,,,,,,,,,,,,,,,,,,,,,,,,X,X,,,,,,,,,,,,,,,,,,,,,,,,"0,60","0,74",,,,,,,,,,,,,,,,,,,,,,,,"0,60","0,74",,,,,,,,,,,,,,,,,,,,,,,,"0,60","0,74",,2,"1,34","1,337","1,34","1,34","0,047642",1.34,2,1.337,1.34,1.34,0.047642,37,True,False,45,35,10
GS.9.8,No,,,,X,X,,,,,,,,,,,,,,,,X,,,,,,,,"0,89","0,89",,,,,,,,,,,,,,,,"0,85",,,,,,,,"0,89","0,89",,,,,,,,,,,,,,,,"0,84",,,,,,,,"0,78","0,78",,,,,,,,,,,,,,,,"0,68",,,,,,,3,"2,63","1,298","2,62","2,23","0,166033",2.63,3,1.298,2.62,2.23,0.166033,38,False,True,46,36,10
GS.10.6,No,,,,,X,,,X,,,,,,,X,,,,,,,,,,,,,,,"0,89",,,"0,89",,,,,,,"0,66",,,,,,,,,,,,,,,"0,89",,,"0,89",,,,,,,"0,65",,,,,,,,,,,,,,,"0,78",,,"0,89",,,,,,,"0,49",,,,,,,,,,,,,3,"2,44","1,279","2,43","2,16","0,165286",2.44,3,1.279,2.43,2.16,0.165286,39,False,True,47,37,10
GS.9.2,No,,H.9.2,X,X,X,X,,,X,,,,,,P,,,,,,,,,,,,,"0,89","0,89","0,89","0,89",,,"0,76",,,,,,"0,66",,,,,,,,,,,,,"0,89","0,89","0,89","0,89",,,"0,74",,,,,,"0,65",,,,,,,,,,,,,"0,78","0,78","0,78","0,78",,,"0,49",,,,,,"0,49",,,,,,,,,,,,,6,"4,96","1,241","4,94","4,09","0,350026",4.96,6,1.241,4.94,4.09,0.350026,40,False,True,48,38,10
M0.2.1; M0_ii.2.1; M0_iii.2.1,Yes,Scope misalignment,,,,,,,,,,,,,,X,X,X,,,X,,,,,,,,,,,,,,,,,,,,"0,66","0,66","0,66",,,"0,61",,,,,,,,,,,,,,,,,,,,"0,65","0,65","0,65",,,"0,61",,,,,,,,,,,,,,,,,,,,"0,49","0,49","0,49",,,"0,61",,,,,,,,4,"2,58","1,100","2,57","2,08","0,101627",2.58,4,1.1,2.57,2.08,0.101627,41,True,False,49,38,11
GS.4.18,No,,,,,,,,,,,,X,,X,,,X,,,,,,,,,,,,,,,,,,,,"0,76",,"0,72",,,"0,66",,,,,,,,,,,,,,,,,,,,"0,74",,"0,72",,,"0,65",,,,,,,,,,,,,,,,,,,,"0,49",,"0,72",,,"0,49",,,,,,,,,,,3,"2,14","1,078","2,12","1,71","0,114504",2.14,3,1.078,2.12,1.71,0.114504,42,False,True,50,39,11
Q0.10.4; Q1.10.4,Yes,Template drift,,,,,,,,X,,,,X,,,,,,,,,,,,,,,,,,,,,"0,76",,,,"0,75",,,,,,,,,,,,,,,,,,,,,"0,74",,,,"0,75",,,,,,,,,,,,,,,,,,,,,"0,49",,,,"0,75",,,,,,,,,,,,,,,2,"1,51","0,940","1,49","1,24","0,059986",1.51,2,0.94,1.49,1.24,0.059986,43,True,False,51,39,12
M0_ii.8.5; M1.8.4,Yes,Architectural infeasibility,,,,,,,,,,,,,,,X,,,X,,,,,,,,,,,,,,,,,,,,,,"0,66",,,"0,75",,,,,,,,,,,,,,,,,,,,,,"0,65",,,"0,75",,,,,,,,,,,,,,,,,,,,,,"0,49",,,"0,75",,,,,,,,,2,"1,41","0,915","1,40","1,24","0,049628",1.41,2,0.915,1.4,1.24,0.049628,44,True,False,52,39,13
Q0_iv.4.4; Q2.4.1,Yes,Scope misalignment,,,,,,,,,,,X,,X,,,,,,,,,,,,,,,,,,,,,,,"0,76",,"0,72",,,,,,,,,,,,,,,,,,,,,,,"0,74",,"0,72",,,,,,,,,,,,,,,,,,,,,,,"0,49",,"0,72",,,,,,,,,,,,,,2,"1,48","0,914","1,46","1,22","0,095178",1.48,2,0.914,1.46,1.22,0.095178,45,True,False,53,39,14
L2.1.2,Yes,Scope misalignment,,,,,,,X,,,,,,,,,,,,,,,,,,,,,,,,,"0,89",,,,,,,,,,,,,,,,,,,,,,,,,"0,89",,,,,,,,,,,,,,,,,,,,,,,,,"0,89",,,,,,,,,,,,,,,,,,,,1,"0,89","0,893","0,89","0,89","0,054391",0.89,1,0.893,0.89,0.89,0.054391,46,True,False,54,39,15
L2.3.2,Yes,Template drift,,,,,,,X,,,,,,,,,,,,,,,,,,,,,,,,,"0,89",,,,,,,,,,,,,,,,,,,,,,,,,"0,89",,,,,,,,,,,,,,,,,,,,,,,,,"0,89",,,,,,,,,,,,,,,,,,,,1,"0,89","0,893","0,89","0,89","0,054391",0.89,1,0.893,0.89,0.89,0.054391,46,True,False,55,39,16
GS.10.7,No,,,,,,,,X,,,,,,,,,,,,,,,,,,,,,,,,,"0,89",,,,,,,,,,,,,,,,,,,,,,,,,"0,89",,,,,,,,,,,,,,,,,,,,,,,,,"0,89",,,,,,,,,,,,,,,,,,,,1,"0,89","0,893","0,89","0,89","0,054391",0.89,1,0.893,0.89,0.89,0.054391,46,False,True,56,40,16
GS.5.4,No,,,,,,,,X,,,,,,,,,,,,,,,,,,,,,,,,,"0,89",,,,,,,,,,,,,,,,,,,,,,,,,"0,89",,,,,,,,,,,,,,,,,,,,,,,,,"0,89",,,,,,,,,,,,,,,,,,,,1,"0,89","0,893","0,89","0,89","0,054391",0.89,1,0.893,0.89,0.89,0.054391,46,False,True,57,41,16
GS.4.14,No,,,,,,,,X,,,,,,,,,,,,,,,,,,,,,,,,,"0,89",,,,,,,,,,,,,,,,,,,,,,,,,"0,89",,,,,,,,,,,,,,,,,,,,,,,,,"0,89",,,,,,,,,,,,,,,,,,,,1,"0,89","0,893","0,89","0,89","0,054391",0.89,1,0.893,0.89,0.89,0.054391,46,False,True,58,42,16
L2.10.2,Yes,Template drift,,,,,,,X,,,,,,,,,,,,,,,,,,,,,,,,,"0,89",,,,,,,,,,,,,,,,,,,,,,,,,"0,89",,,,,,,,,,,,,,,,,,,,,,,,,"0,89",,,,,,,,,,,,,,,,,,,,1,"0,89","0,893","0,89","0,89","0,054391",0.89,1,0.893,0.89,0.89,0.054391,46,True,False,59,42,17
GS.9.5,No,,,,,,,,X,,,,,,,,,,,,,,,,,,,,,,,,,"0,89",,,,,,,,,,,,,,,,,,,,,,,,,"0,89",,,,,,,,,,,,,,,,,,,,,,,,,"0,89",,,,,,,,,,,,,,,,,,,,1,"0,89","0,893","0,89","0,89","0,054391",0.89,1,0.893,0.89,0.89,0.054391,46,False,True,60,43,17
GS.9.4,No,,,X,X,X,X,,,,,,,,,,,,,,,,,,,,,,"0,89","0,89","0,89","0,89",,,,,,,,,,,,,,,,,,,,,,"0,89","0,89","0,89","0,89",,,,,,,,,,,,,,,,,,,,,,"0,78","0,78","0,78","0,78",,,,,,,,,,,,,,,,,,,,,,4,"3,55","0,887","3,55","3,10","0,272700",3.55,4,0.887,3.55,3.1,0.2727,47,False,True,61,44,17
GS.10.11,No,,,X,X,X,X,,,,,,,,,,,,,,,,,,,,,,"0,89","0,89","0,89","0,89",,,,,,,,,,,,,,,,,,,,,,"0,89","0,89","0,89","0,89",,,,,,,,,,,,,,,,,,,,,,"0,78","0,78","0,78","0,78",,,,,,,,,,,,,,,,,,,,,,4,"3,55","0,887","3,55","3,10","0,272700",3.55,4,0.887,3.55,3.1,0.2727,47,False,True,62,45,17
GS.6.2,No,,,X,X,X,X,,,,,,,,,,,,,,,,,,,,,,"0,89","0,89","0,89","0,89",,,,,,,,,,,,,,,,,,,,,,"0,89","0,89","0,89","0,89",,,,,,,,,,,,,,,,,,,,,,"0,78","0,78","0,78","0,78",,,,,,,,,,,,,,,,,,,,,,4,"3,55","0,887","3,55","3,10","0,272700",3.55,4,0.887,3.55,3.1,0.2727,47,False,True,63,46,17
GS.8.2,No,,,X,X,X,X,,,,,,,,,,,,,,,,,,,,,,"0,89","0,89","0,89","0,89",,,,,,,,,,,,,,,,,,,,,,"0,89","0,89","0,89","0,89",,,,,,,,,,,,,,,,,,,,,,"0,78","0,78","0,78","0,78",,,,,,,,,,,,,,,,,,,,,,4,"3,55","0,887","3,55","3,10","0,272700",3.55,4,0.887,3.55,3.1,0.2727,47,False,True,64,47,17
GS.4.11,No,,,X,,,,,,,,,,,,X,X,X,X,,,,,,,,,,"0,89",,,,,,,,,,,,"0,66","0,66","0,66","0,66",,,,,,,,,,"0,89",,,,,,,,,,,,"0,65","0,65","0,65","0,65",,,,,,,,,,"0,78",,,,,,,,,,,,"0,49","0,49","0,49","0,49",,,,,,,,,,5,"3,52","0,880","3,50","2,74","0,187965",3.52,5,0.88,3.5,2.74,0.187965,48,False,True,65,48,17
G0_iv.3.3,Yes,Template drift,,,,,,,,,,,,,,,,,,,,,,,X,,,,,,,,,,,,,,,,,,,,,,,,,"0,85",,,,,,,,,,,,,,,,,,,,,,,,,"0,84",,,,,,,,,,,,,,,,,,,,,,,,,"0,68",,,,1,"0,85","0,855","0,84","0,68","0,040040",0.85,1,0.855,0.84,0.68,0.04004,49,True,False,66,48,18
G0_iii.3.2,Yes,Template drift,,,,,,,,,,,,,,,,,,,,,,X,,,,,,,,,,,,,,,,,,,,,,,,,"0,85",,,,,,,,,,,,,,,,,,,,,,,,,"0,84",,,,,,,,,,,,,,,,,,,,,,,,,"0,68",,,,,1,"0,85","0,855","0,84","0,68","0,040916",0.85,1,0.855,0.84,0.68,0.040916,49,True,False,67,48,19
G0.4.1,Yes,Template drift,,,,,,,,,,,,,,,,,,,,X,,,,,,,,,,,,,,,,,,,,,,,,,"0,85",,,,,,,,,,,,,,,,,,,,,,,,,"0,84",,,,,,,,,,,,,,,,,,,,,,,,,"0,68",,,,,,,1,"0,85","0,855","0,84","0,68","0,041663",0.85,1,0.855,0.84,0.68,0.041663,49,True,False,68,48,20
G0_iv.5.1,Yes,Template drift,,,,,,,,,,,,,,,,,,,,,,,X,,,,,,,,,,,,,,,,,,,,,,,,,"0,85",,,,,,,,,,,,,,,,,,,,,,,,,"0,84",,,,,,,,,,,,,,,,,,,,,,,,,"0,68",,,,1,"0,85","0,855","0,84","0,68","0,040040",0.85,1,0.855,0.84,0.68,0.04004,49,True,False,69,48,21
G0_iii.2.3,Yes,Architectural infeasibility,,,,,,,,,,,,,,,,,,,,,,X,,,,,,,,,,,,,,,,,,,,,,,,,"0,85",,,,,,,,,,,,,,,,,,,,,,,,,"0,84",,,,,,,,,,,,,,,,,,,,,,,,,"0,68",,,,,1,"0,85","0,855","0,84","0,68","0,040916",0.85,1,0.855,0.84,0.68,0.040916,49,True,False,70,48,22
G0.2.2,Yes,Template drift,,,,,,,,,,,,,,,,,,,,X,,,,,,,,,,,,,,,,,,,,,,,,,"0,85",,,,,,,,,,,,,,,,,,,,,,,,,"0,84",,,,,,,,,,,,,,,,,,,,,,,,,"0,68",,,,,,,1,"0,85","0,855","0,84","0,68","0,041663",0.85,1,0.855,0.84,0.68,0.041663,49,True,False,71,48,23
G0_iv.4.2,Yes,Template drift,,,,,,,,,,,,,,,,,,,,,,,X,,,,,,,,,,,,,,,,,,,,,,,,,"0,85",,,,,,,,,,,,,,,,,,,,,,,,,"0,84",,,,,,,,,,,,,,,,,,,,,,,,,"0,68",,,,1,"0,85","0,855","0,84","0,68","0,040040",0.85,1,0.855,0.84,0.68,0.04004,49,True,False,72,48,24
G0_iv.10.4,Yes,Architectural infeasibility,,,,,,,,,,,,,,,,,,,,,,,X,,,,,,,,,,,,,,,,,,,,,,,,,"0,85",,,,,,,,,,,,,,,,,,,,,,,,,"0,84",,,,,,,,,,,,,,,,,,,,,,,,,"0,68",,,,1,"0,85","0,855","0,84","0,68","0,040040",0.85,1,0.855,0.84,0.68,0.04004,49,True,False,73,48,25
G0_iii.10.1,Yes,Template drift,,,,,,,,,,,,,,,,,,,,,,X,,,,,,,,,,,,,,,,,,,,,,,,,"0,85",,,,,,,,,,,,,,,,,,,,,,,,,"0,84",,,,,,,,,,,,,,,,,,,,,,,,,"0,68",,,,,1,"0,85","0,855","0,84","0,68","0,040916",0.85,1,0.855,0.84,0.68,0.040916,49,True,False,74,48,26
G0.4.2,Yes,Template drift,,,,,,,,,,,,,,,,,,,,X,,,,,,,,,,,,,,,,,,,,,,,,,"0,85",,,,,,,,,,,,,,,,,,,,,,,,,"0,84",,,,,,,,,,,,,,,,,,,,,,,,,"0,68",,,,,,,1,"0,85","0,855","0,84","0,68","0,041663",0.85,1,0.855,0.84,0.68,0.041663,49,True,False,75,48,27
G0_iv.5.2,Yes,Template drift,,,,,,,,,,,,,,,,,,,,,,,X,,,,,,,,,,,,,,,,,,,,,,,,,"0,85",,,,,,,,,,,,,,,,,,,,,,,,,"0,84",,,,,,,,,,,,,,,,,,,,,,,,,"0,68",,,,1,"0,85","0,855","0,84","0,68","0,040040",0.85,1,0.855,0.84,0.68,0.04004,49,True,False,76,48,28
G0.6.3,Yes,Template drift,,,,,,,,,,,,,,,,,,,,X,,,,,,,,,,,,,,,,,,,,,,,,,"0,85",,,,,,,,,,,,,,,,,,,,,,,,,"0,84",,,,,,,,,,,,,,,,,,,,,,,,,"0,68",,,,,,,1,"0,85","0,855","0,84","0,68","0,041663",0.85,1,0.855,0.84,0.68,0.041663,49,True,False,77,48,29
L1.10.2,Yes,Template drift,,,,,,X,,,,,,,,,,,,,,,,,,,,,,,,,"0,80",,,,,,,,,,,,,,,,,,,,,,,,,"0,80",,,,,,,,,,,,,,,,,,,,,,,,,"0,80",,,,,,,,,,,,,,,,,,,,,1,"0,80","0,800","0,80","0,80","0,048774",0.8,1,0.8,0.8,0.8,0.048774,50,True,False,78,48,30
L1.1.3,Yes,Scope misalignment,,,,,,X,,,,,,,,,,,,,,,,,,,,,,,,,"0,80",,,,,,,,,,,,,,,,,,,,,,,,,"0,80",,,,,,,,,,,,,,,,,,,,,,,,,"0,80",,,,,,,,,,,,,,,,,,,,,1,"0,80","0,800","0,80","0,80","0,048774",0.8,1,0.8,0.8,0.8,0.048774,50,True,False,79,48,31
GS.7.8,No,,,,,,,X,,,,,,,,,,,,,,,,,,,,,,,,,"0,80",,,,,,,,,,,,,,,,,,,,,,,,,"0,80",,,,,,,,,,,,,,,,,,,,,,,,,"0,80",,,,,,,,,,,,,,,,,,,,,1,"0,80","0,800","0,80","0,80","0,048774",0.8,1,0.8,0.8,0.8,0.048774,50,False,True,80,49,31
GS.7.7,No,,,,,,,X,,,,,,,,,,,,,,,,,,,,,,,,,"0,80",,,,,,,,,,,,,,,,,,,,,,,,,"0,80",,,,,,,,,,,,,,,,,,,,,,,,,"0,80",,,,,,,,,,,,,,,,,,,,,1,"0,80","0,800","0,80","0,80","0,048774",0.8,1,0.8,0.8,0.8,0.048774,50,False,True,81,50,31
GS.4.17,No,,,,,,,,,X,X,X,X,,,,,,,,,,,,,,,,,,,,,,"0,76","0,76","0,76","0,76",,,,,,,,,,,,,,,,,,,,,,"0,74","0,74","0,74","0,74",,,,,,,,,,,,,,,,,,,,,,"0,49","0,49","0,49","0,49",,,,,,,,,,,,,,,,4,"3,04","0,759","2,96","1,97","0,176369",3.04,4,0.759,2.96,1.97,0.176369,51,False,True,82,51,31
GS.4.16,No,,,,,,,,,X,X,X,X,,,,,,,,,,,,,,,,,,,,,,"0,76","0,76","0,76","0,76",,,,,,,,,,,,,,,,,,,,,,"0,74","0,74","0,74","0,74",,,,,,,,,,,,,,,,,,,,,,"0,49","0,49","0,49","0,49",,,,,,,,,,,,,,,,4,"3,04","0,759","2,96","1,97","0,176369",3.04,4,0.759,2.96,1.97,0.176369,51,False,True,83,52,31
GS.4.15,No,,,,,,,,,X,X,X,X,,,,,,,,,,,,,,,,,,,,,,"0,76","0,76","0,76","0,76",,,,,,,,,,,,,,,,,,,,,,"0,74","0,74","0,74","0,74",,,,,,,,,,,,,,,,,,,,,,"0,49","0,49","0,49","0,49",,,,,,,,,,,,,,,,4,"3,04","0,759","2,96","1,97","0,176369",3.04,4,0.759,2.96,1.97,0.176369,51,False,True,84,53,31
Q1.3.6,Yes,Scope misalignment,,,,,,,,,,,,X,,,,,,,,,,,,,,,,,,,,,,,,,"0,75",,,,,,,,,,,,,,,,,,,,,,,,,"0,75",,,,,,,,,,,,,,,,,,,,,,,,,"0,75",,,,,,,,,,,,,,,1,"0,75","0,750","0,75","0,75","0,027441",0.75,1,0.75,0.75,0.75,0.027441,52,True,False,85,53,32
Q1.10.3,Yes,Template drift,,,,,,,,,,,,X,,,,,,,,,,,,,,,,,,,,,,,,,"0,75",,,,,,,,,,,,,,,,,,,,,,,,,"0,75",,,,,,,,,,,,,,,,,,,,,,,,,"0,75",,,,,,,,,,,,,,,1,"0,75","0,750","0,75","0,75","0,027441",0.75,1,0.75,0.75,0.75,0.027441,52,True,False,86,53,33
M1.10.2,Yes,Architectural infeasibility,,,,,,,,,,,,,,,,,,X,,,,,,,,,,,,,,,,,,,,,,,,,"0,75",,,,,,,,,,,,,,,,,,,,,,,,,"0,75",,,,,,,,,,,,,,,,,,,,,,,,,"0,75",,,,,,,,,1,"0,75","0,750","0,75","0,75","0,038417",0.75,1,0.75,0.75,0.75,0.038417,52,True,False,87,53,34
GS.3.8,No,,,,,,,,,,,,,,,,,,,X,,,,,,,,,,,,,,,,,,,,,,,,,"0,75",,,,,,,,,,,,,,,,,,,,,,,,,"0,75",,,,,,,,,,,,,,,,,,,,,,,,,"0,75",,,,,,,,,1,"0,75","0,750","0,75","0,75","0,038417",0.75,1,0.75,0.75,0.75,0.038417,52,False,True,88,54,34
G2.10.2,Yes,Architectural infeasibility,,,,,,,,,,,,,,,,,,,,,,,,,X,,,,,,,,,,,,,,,,,,,,,,,,,"0,74",,,,,,,,,,,,,,,,,,,,,,,,,"0,74",,,,,,,,,,,,,,,,,,,,,,,,,"0,74",,1,"0,74","0,737","0,74","0,74","0,026693",0.74,1,0.737,0.74,0.74,0.026693,53,True,False,89,54,35
G2.9.4,Yes,Architectural infeasibility,,,,,,,,,,,,,,,,,,,,,,,,,X,,,,,,,,,,,,,,,,,,,,,,,,,"0,74",,,,,,,,,,,,,,,,,,,,,,,,,"0,74",,,,,,,,,,,,,,,,,,,,,,,,,"0,74",,1,"0,74","0,737","0,74","0,74","0,026693",0.74,1,0.737,0.74,0.74,0.026693,53,True,False,90,54,36
Q2.4.2,Yes,Scope misalignment,,,,,,,,,,,,,X,,,,,,,,,,,,,,,,,,,,,,,,,"0,72",,,,,,,,,,,,,,,,,,,,,,,,,"0,72",,,,,,,,,,,,,,,,,,,,,,,,,"0,72",,,,,,,,,,,,,,1,"0,72","0,724","0,72","0,72","0,036794",0.72,1,0.724,0.72,0.72,0.036794,54,True,False,91,54,37
GS.9.7,No,,,,,,,,,,,,,,X,,,,,,,,,,,,,,,,,,,,,,,,,"0,72",,,,,,,,,,,,,,,,,,,,,,,,,"0,72",,,,,,,,,,,,,,,,,,,,,,,,,"0,72",,,,,,,,,,,,,,1,"0,72","0,724","0,72","0,72","0,036794",0.72,1,0.724,0.72,0.72,0.036794,54,False,True,92,55,37
Q2.10.4,Yes,Template drift,,,,,,,,,,,,,X,,,,,,,,,,,,,,,,,,,,,,,,,"0,72",,,,,,,,,,,,,,,,,,,,,,,,,"0,72",,,,,,,,,,,,,,,,,,,,,,,,,"0,72",,,,,,,,,,,,,,1,"0,72","0,724","0,72","0,72","0,036794",0.72,1,0.724,0.72,0.72,0.036794,54,True,False,93,55,38
Q2.9.6,Yes,Architectural infeasibility,,,,,,,,,,,,,X,,,,,,,,,,,,,,,,,,,,,,,,,"0,72",,,,,,,,,,,,,,,,,,,,,,,,,"0,72",,,,,,,,,,,,,,,,,,,,,,,,,"0,72",,,,,,,,,,,,,,1,"0,72","0,724","0,72","0,72","0,036794",0.72,1,0.724,0.72,0.72,0.036794,54,True,False,94,55,39
GS.10.8,No,,,,,,,,,,,,,,X,,,,,,,,,,,,,,,,,,,,,,,,,"0,72",,,,,,,,,,,,,,,,,,,,,,,,,"0,72",,,,,,,,,,,,,,,,,,,,,,,,,"0,72",,,,,,,,,,,,,,1,"0,72","0,724","0,72","0,72","0,036794",0.72,1,0.724,0.72,0.72,0.036794,54,False,True,95,56,39
Q2.9.2,Yes,Architectural infeasibility,,,,,,,,,,,,,X,,,,,,,,,,,,,,,,,,,,,,,,,"0,72",,,,,,,,,,,,,,,,,,,,,,,,,"0,72",,,,,,,,,,,,,,,,,,,,,,,,,"0,72",,,,,,,,,,,,,,1,"0,72","0,724","0,72","0,72","0,036794",0.72,1,0.724,0.72,0.72,0.036794,54,True,False,96,56,40
Q2.10.5,Yes,Template drift,,,,,,,,,,,,,X,,,,,,,,,,,,,,,,,,,,,,,,,"0,72",,,,,,,,,,,,,,,,,,,,,,,,,"0,72",,,,,,,,,,,,,,,,,,,,,,,,,"0,72",,,,,,,,,,,,,,1,"0,72","0,724","0,72","0,72","0,036794",0.72,1,0.724,0.72,0.72,0.036794,54,True,False,97,56,41
GS.7.6,No,,,X,,X,X,,,,,,,,,,,,,,,,,,,,,,"0,89",,"0,89","0,89",,,,,,,,,,,,,,,,,,,,,,"0,89",,"0,89","0,89",,,,,,,,,,,,,,,,,,,,,,"0,78",,"0,78","0,78",,,,,,,,,,,,,,,,,,,,,,3,"2,66","0,665","2,66","2,33","0,214444",2.66,3,0.665,2.66,2.33,0.214444,55,False,True,98,57,41
M2.10.5,Yes,Architectural infeasibility,,,,,,,,,,,,,,,,,,,X,,,,,,,,,,,,,,,,,,,,,,,,,"0,61",,,,,,,,,,,,,,,,,,,,,,,,,"0,61",,,,,,,,,,,,,,,,,,,,,,,,,"0,61",,,,,,,,1,"0,61","0,606","0,61","0,61","0,026309",0.61,1,0.606,0.61,0.61,0.026309,56,True,False,99,57,42
M2.8.5,Yes,Architectural infeasibility,,,,,,,,,,,,,,,,,,,X,,,,,,,,,,,,,,,,,,,,,,,,,"0,61",,,,,,,,,,,,,,,,,,,,,,,,,"0,61",,,,,,,,,,,,,,,,,,,,,,,,,"0,61",,,,,,,,1,"0,61","0,606","0,61","0,61","0,026309",0.61,1,0.606,0.61,0.61,0.026309,56,True,False,100,57,43
M2.2.2,Yes,Architectural infeasibility,,,,,,,,,,,,,,,,,,,X,,,,,,,,,,,,,,,,,,,,,,,,,"0,61",,,,,,,,,,,,,,,,,,,,,,,,,"0,61",,,,,,,,,,,,,,,,,,,,,,,,,"0,61",,,,,,,,1,"0,61","0,606","0,61","0,61","0,026309",0.61,1,0.606,0.61,0.61,0.026309,56,True,False,101,57,44
M2.2.1,Yes,Architectural infeasibility,,,,,,,,,,,,,,,,,,,X,,,,,,,,,,,,,,,,,,,,,,,,,"0,61",,,,,,,,,,,,,,,,,,,,,,,,,"0,61",,,,,,,,,,,,,,,,,,,,,,,,,"0,61",,,,,,,,1,"0,61","0,606","0,61","0,61","0,026309",0.61,1,0.606,0.61,0.61,0.026309,56,True,False,102,57,45
M2.2.4,Yes,Architectural infeasibility,,,,,,,,,,,,,,,,,,,X,,,,,,,,,,,,,,,,,,,,,,,,,"0,61",,,,,,,,,,,,,,,,,,,,,,,,,"0,61",,,,,,,,,,,,,,,,,,,,,,,,,"0,61",,,,,,,,1,"0,61","0,606","0,61","0,61","0,026309",0.61,1,0.606,0.61,0.61,0.026309,56,True,False,103,57,46
M2.2.5,Yes,Architectural infeasibility,,,,,,,,,,,,,,,,,,,X,,,,,,,,,,,,,,,,,,,,,,,,,"0,61",,,,,,,,,,,,,,,,,,,,,,,,,"0,61",,,,,,,,,,,,,,,,,,,,,,,,,"0,61",,,,,,,,1,"0,61","0,606","0,61","0,61","0,026309",0.61,1,0.606,0.61,0.61,0.026309,56,True,False,104,57,47
M2.8.2,Yes,Architectural infeasibility,,,,,,,,,,,,,,,,,,,X,,,,,,,,,,,,,,,,,,,,,,,,,"0,61",,,,,,,,,,,,,,,,,,,,,,,,,"0,61",,,,,,,,,,,,,,,,,,,,,,,,,"0,61",,,,,,,,1,"0,61","0,606","0,61","0,61","0,026309",0.61,1,0.606,0.61,0.61,0.026309,56,True,False,105,57,48
G1.10.2,Yes,Template drift,,,,,,,,,,,,,,,,,,,,,,,,X,,,,,,,,,,,,,,,,,,,,,,,,,"0,60",,,,,,,,,,,,,,,,,,,,,,,,,"0,60",,,,,,,,,,,,,,,,,,,,,,,,,"0,60",,,1,"0,60","0,600","0,60","0,60","0,020949",0.6,1,0.6,0.6,0.6,0.020949,57,True,False,106,57,49
G1.9.3,Yes,Architectural infeasibility,,,,,,,,,,,,,,,,,,,,,,,,X,,,,,,,,,,,,,,,,,,,,,,,,,"0,60",,,,,,,,,,,,,,,,,,,,,,,,,"0,60",,,,,,,,,,,,,,,,,,,,,,,,,"0,60",,,1,"0,60","0,600","0,60","0,60","0,020949",0.6,1,0.6,0.6,0.6,0.020949,57,True,False,107,57,50
G1.10.3,Yes,Architectural infeasibility,,,,,,,,,,,,,,,,,,,,,,,,X,,,,,,,,,,,,,,,,,,,,,,,,,"0,60",,,,,,,,,,,,,,,,,,,,,,,,,"0,60",,,,,,,,,,,,,,,,,,,,,,,,,"0,60",,,1,"0,60","0,600","0,60","0,60","0,020949",0.6,1,0.6,0.6,0.6,0.020949,57,True,False,108,57,51
G1.5.2,Yes,Template drift,,,,,,,,,,,,,,,,,,,,,,,,X,,,,,,,,,,,,,,,,,,,,,,,,,"0,60",,,,,,,,,,,,,,,,,,,,,,,,,"0,60",,,,,,,,,,,,,,,,,,,,,,,,,"0,60",,,1,"0,60","0,600","0,60","0,60","0,020949",0.6,1,0.6,0.6,0.6,0.020949,57,True,False,109,57,52
G1.3.4,Yes,Template drift,,,,,,,,,,,,,,,,,,,,,,,,X,,,,,,,,,,,,,,,,,,,,,,,,,"0,60",,,,,,,,,,,,,,,,,,,,,,,,,"0,60",,,,,,,,,,,,,,,,,,,,,,,,,"0,60",,,1,"0,60","0,600","0,60","0,60","0,020949",0.6,1,0.6,0.6,0.6,0.020949,57,True,False,110,57,53
G1.10.1,Yes,Architectural infeasibility,,,,,,,,,,,,,,,,,,,,,,,,X,,,,,,,,,,,,,,,,,,,,,,,,,"0,60",,,,,,,,,,,,,,,,,,,,,,,,,"0,60",,,,,,,,,,,,,,,,,,,,,,,,,"0,60",,,1,"0,60","0,600","0,60","0,60","0,020949",0.6,1,0.6,0.6,0.6,0.020949,57,True,False,111,57,54
G1.4.3,Yes,Template drift,,,,,,,,,,,,,,,,,,,,,,,,X,,,,,,,,,,,,,,,,,,,,,,,,,"0,60",,,,,,,,,,,,,,,,,,,,,,,,,"0,60",,,,,,,,,,,,,,,,,,,,,,,,,"0,60",,,1,"0,60","0,600","0,60","0,60","0,020949",0.6,1,0.6,0.6,0.6,0.020949,57,True,False,112,57,55
G1.4.2,Yes,Contextual misfit,,,,,,,,,,,,,,,,,,,,,,,,X,,,,,,,,,,,,,,,,,,,,,,,,,"0,60",,,,,,,,,,,,,,,,,,,,,,,,,"0,60",,,,,,,,,,,,,,,,,,,,,,,,,"0,60",,,1,"0,60","0,600","0,60","0,60","0,020949",0.6,1,0.6,0.6,0.6,0.020949,57,True,False,113,57,56
L0.5.4; L0_iv.5.3,Yes,Responsibility leakage,,X,,,X,,,,,,,,,,,,,,,,,,,,,,"0,89",,,"0,89",,,,,,,,,,,,,,,,,,,,,,"0,89",,,"0,89",,,,,,,,,,,,,,,,,,,,,,"0,78",,,"0,78",,,,,,,,,,,,,,,,,,,,,,2,"1,77","0,443","1,77","1,55","0,148330",1.77,2,0.443,1.77,1.55,0.14833,58,True,False,114,57,57
GS.7.4,No,,,X,,,X,,,,,,,,,,,,,,,,,,,,,,"0,89",,,"0,89",,,,,,,,,,,,,,,,,,,,,,"0,89",,,"0,89",,,,,,,,,,,,,,,,,,,,,,"0,78",,,"0,78",,,,,,,,,,,,,,,,,,,,,,2,"1,77","0,443","1,77","1,55","0,148330",1.77,2,0.443,1.77,1.55,0.14833,58,False,True,115,58,57
L0_ii.2.1; L0_iii.2.2,Yes,Scope misalignment,,,X,X,,,,,,,,,,,,,,,,,,,,,,,,"0,89","0,89",,,,,,,,,,,,,,,,,,,,,,,,"0,89","0,89",,,,,,,,,,,,,,,,,,,,,,,,"0,78","0,78",,,,,,,,,,,,,,,,,,,,,,,2,"1,77","0,443","1,77","1,55","0,124370",1.77,2,0.443,1.77,1.55,0.12437,58,True,False,116,58,58
L0_iii.7.8; Q0_iii.7.4,Yes,Template drift,,,,X,,,,,,X,,,,,,,,,,,,,,,,,,,"0,89",,,,,,"0,76",,,,,,,,,,,,,,,,,,,"0,89",,,,,,"0,74",,,,,,,,,,,,,,,,,,,"0,78",,,,,,"0,49",,,,,,,,,,,,,,,,,2,"1,65","0,411","1,63","1,27","0,105150",1.65,2,0.411,1.63,1.27,0.10515,59,True,False,117,58,59
GS.2.3,No,,,X,,,,,,,,,,,,,,,X,,,,,,,,,,"0,89",,,,,,,,,,,,,,,"0,66",,,,,,,,,,"0,89",,,,,,,,,,,,,,,"0,65",,,,,,,,,,"0,78",,,,,,,,,,,,,,,"0,49",,,,,,,,,,2,"1,54","0,386","1,54","1,27","0,112647",1.54,2,0.386,1.54,1.27,0.112647,60,False,True,118,59,59
L0_iii.7.5; M0_ii.7.4,Yes,Contextual misfit,,,,X,,,,,,,,,,,X,,,,,,,,,,,,,,"0,89",,,,,,,,,,,"0,66",,,,,,,,,,,,,,"0,89",,,,,,,,,,,"0,65",,,,,,,,,,,,,,"0,78",,,,,,,,,,,"0,49",,,,,,,,,,,,2,"1,54","0,386","1,54","1,27","0,077325",1.54,2,0.386,1.54,1.27,0.077325,60,True,False,119,59,60
Q0_ii.10.4; Q0_iii.10.3,Yes,Template drift,,,,,,,,,X,X,,,,,,,,,,,,,,,,,,,,,,,,"0,76","0,76",,,,,,,,,,,,,,,,,,,,,,,,"0,74","0,74",,,,,,,,,,,,,,,,,,,,,,,,"0,49","0,49",,,,,,,,,,,,,,,,,2,"1,52","0,379","1,48","0,98","0,085440",1.52,2,0.379,1.48,0.98,0.08544,61,True,False,120,59,61
GS.4.6,No,,H.4.6,,,,,,,,X,,X,,,,,,,,,,,,,,,,,,,,,,,"0,76",,"0,76",,,,,,,,,,,,,,,,,,,,,,,"0,74",,"0,74",,,,,,,,,,,,,,,,,,,,,,,"0,49",,"0,49",,,,,,,,,,,,,,,,2,"1,52","0,379","1,48","0,98","0,104788",1.52,2,0.379,1.48,0.98,0.104788,61,False,True,121,60,61
Q0_iii.2.4; M0_ii.2.4,Yes,Scope misalignment,,,,,,,,,,X,,,,,X,,,,,,,,,,,,,,,,,,,,"0,76",,,,,"0,66",,,,,,,,,,,,,,,,,,,,"0,74",,,,,"0,65",,,,,,,,,,,,,,,,,,,,"0,49",,,,,"0,49",,,,,,,,,,,,2,"1,42","0,354","1,39","0,98","0,050247",1.42,2,0.354,1.39,0.98,0.050247,62,True,False,122,60,62
M0.2.4; M0_iii.2.5,Yes,Architectural infeasibility,,,,,,,,,,,,,,X,,X,,,,,,,,,,,,,,,,,,,,,,,"0,66",,"0,66",,,,,,,,,,,,,,,,,,,,,,,"0,65",,"0,65",,,,,,,,,,,,,,,,,,,,,,,"0,49",,"0,49",,,,,,,,,,,2,"1,32","0,329","1,31","0,98","0,064107",1.32,2,0.329,1.31,0.98,0.064107,63,True,False,123,60,63
M0.2.2; M0_ii.2.3; M2.2.3,Yes,Architectural infeasibility,,,,,,,,,,,,,,X,X,,,,,,,,,,,,,,,,,,,,,,,,"0,66","0,66",,,,,,,,,,,,,,,,,,,,,,,,"0,65","0,65",,,,,,,,,,,,,,,,,,,,,,,,"0,49","0,49",,,,,,,,,,,,2,"1,32","0,329","1,31","0,98","0,055992",1.32,2,0.329,1.31,0.98,0.055992,63,True,False,124,60,64
M0.5.3; M0_iii.5.3,Yes,Architectural infeasibility,,,,,,,,,,,,,,X,,X,,,,,,,,,,,,,,,,,,,,,,,"0,66",,"0,66",,,,,,,,,,,,,,,,,,,,,,,"0,65",,"0,65",,,,,,,,,,,,,,,,,,,,,,,"0,49",,"0,49",,,,,,,,,,,2,"1,32","0,329","1,31","0,98","0,064107",1.32,2,0.329,1.31,0.98,0.064107,63,True,False,125,60,65
M0_ii.3.2; M0_iv.3.2,Yes,Scope misalignment,,,,,,,,,,,,,,,X,,X,,,,,,,,,,,,,,,,,,,,,,,"0,66",,"0,66",,,,,,,,,,,,,,,,,,,,,,,"0,65",,"0,65",,,,,,,,,,,,,,,,,,,,,,,"0,49",,"0,49",,,,,,,,,,2,"1,32","0,329","1,31","0,98","0,041770",1.32,2,0.329,1.31,0.98,0.04177,63,True,False,126,60,66
M0_ii.3.3; M0_iv.3.3,Yes,Scope misalignment,,,,,,,,,,,,,,,X,,X,,,,,,,,,,,,,,,,,,,,,,,"0,66",,"0,66",,,,,,,,,,,,,,,,,,,,,,,"0,65",,"0,65",,,,,,,,,,,,,,,,,,,,,,,"0,49",,"0,49",,,,,,,,,,2,"1,32","0,329","1,31","0,98","0,041770",1.32,2,0.329,1.31,0.98,0.04177,63,True,False,127,60,67
M0_ii.8.2; M0_iii.8.1,Yes,Architectural infeasibility,,,,,,,,,,,,,,,X,X,,,,,,,,,,,,,,,,,,,,,,,,"0,66","0,66",,,,,,,,,,,,,,,,,,,,,,,,"0,65","0,65",,,,,,,,,,,,,,,,,,,,,,,,"0,49","0,49",,,,,,,,,,,2,"1,32","0,329","1,31","0,98","0,030537",1.32,2,0.329,1.31,0.98,0.030537,63,True,False,128,60,68
GS.5.5,No,,,,,,,,,,,,,,,X,,,X,,,,,,,,,,,,,,,,,,,,,,"0,66",,,"0,66",,,,,,,,,,,,,,,,,,,,,,"0,65",,,"0,65",,,,,,,,,,,,,,,,,,,,,,"0,49",,,"0,49",,,,,,,,,,2,"1,32","0,329","1,31","0,98","0,075340",1.32,2,0.329,1.31,0.98,0.07534,63,False,True,129,61,68
L0_ii.2.3,Yes,Scope misalignment,,,X,,,,,,,,,,,,,,,,,,,,,,,,,"0,89",,,,,,,,,,,,,,,,,,,,,,,,,"0,89",,,,,,,,,,,,,,,,,,,,,,,,,"0,78",,,,,,,,,,,,,,,,,,,,,,,,1,"0,89","0,222","0,89","0,78","0,058256",0.89,1,0.222,0.89,0.78,0.058256,64,True,False,130,61,69
GS.2.2,No,,H.2.2,,,X,,,,,,,,,,,,,,,,,,,,,,,,,"0,89",,,,,,,,,,,,,,,,,,,,,,,,,"0,89",,,,,,,,,,,,,,,,,,,,,,,,,"0,78",,,,,,,,,,,,,,,,,,,,,,,1,"0,89","0,222","0,89","0,78","0,066114",0.89,1,0.222,0.89,0.78,0.066114,64,False,True,131,62,69
GS.10.4,No,,,X,,,,,,,,,,,,,,,,,,,,,,,,,"0,89",,,,,,,,,,,,,,,,,,,,,,,,,"0,89",,,,,,,,,,,,,,,,,,,,,,,,,"0,78",,,,,,,,,,,,,,,,,,,,,,,,,1,"0,89","0,222","0,89","0,78","0,082088",0.89,1,0.222,0.89,0.78,0.082088,64,False,True,132,63,69
L0_iv.10.5,Yes,Template drift,,,,,X,,,,,,,,,,,,,,,,,,,,,,,,,"0,89",,,,,,,,,,,,,,,,,,,,,,,,,"0,89",,,,,,,,,,,,,,,,,,,,,,,,,"0,78",,,,,,,,,,,,,,,,,,,,,,1,"0,89","0,222","0,89","0,78","0,066242",0.89,1,0.222,0.89,0.78,0.066242,64,True,False,133,63,70
L0_ii.7.2,Yes,Template drift,,,X,,,,,,,,,,,,,,,,,,,,,,,,,"0,89",,,,,,,,,,,,,,,,,,,,,,,,,"0,89",,,,,,,,,,,,,,,,,,,,,,,,,"0,78",,,,,,,,,,,,,,,,,,,,,,,,1,"0,89","0,222","0,89","0,78","0,058256",0.89,1,0.222,0.89,0.78,0.058256,64,True,False,134,63,71
GS.7.9,No,,,,,X,,,,,,,,,,,,,,,,,,,,,,,,,"0,89",,,,,,,,,,,,,,,,,,,,,,,,,"0,89",,,,,,,,,,,,,,,,,,,,,,,,,"0,78",,,,,,,,,,,,,,,,,,,,,,,1,"0,89","0,222","0,89","0,78","0,066114",0.89,1,0.222,0.89,0.78,0.066114,64,False,True,135,64,71
L0_ii.6.2,Yes,Template drift,,,X,,,,,,,,,,,,,,,,,,,,,,,,,"0,89",,,,,,,,,,,,,,,,,,,,,,,,,"0,89",,,,,,,,,,,,,,,,,,,,,,,,,"0,78",,,,,,,,,,,,,,,,,,,,,,,,1,"0,89","0,222","0,89","0,78","0,058256",0.89,1,0.222,0.89,0.78,0.058256,64,True,False,136,64,72
GS.4.9,No,,,X,,,,,,,,,,,,,,,,,,,,,,,,,"0,89",,,,,,,,,,,,,,,,,,,,,,,,,"0,89",,,,,,,,,,,,,,,,,,,,,,,,,"0,78",,,,,,,,,,,,,,,,,,,,,,,,,1,"0,89","0,222","0,89","0,78","0,082088",0.89,1,0.222,0.89,0.78,0.082088,64,False,True,137,65,72
L0_iii.7.2,Yes,Contextual misfit,,,,X,,,,,,,,,,,,,,,,,,,,,,,,,"0,89",,,,,,,,,,,,,,,,,,,,,,,,,"0,89",,,,,,,,,,,,,,,,,,,,,,,,,"0,78",,,,,,,,,,,,,,,,,,,,,,,1,"0,89","0,222","0,89","0,78","0,066114",0.89,1,0.222,0.89,0.78,0.066114,64,True,False,138,65,73
L0_iii.8.5,Yes,Template drift,,,,X,,,,,,,,,,,,,,,,,,,,,,,,,"0,89",,,,,,,,,,,,,,,,,,,,,,,,,"0,89",,,,,,,,,,,,,,,,,,,,,,,,,"0,78",,,,,,,,,,,,,,,,,,,,,,,1,"0,89","0,222","0,89","0,78","0,066114",0.89,1,0.222,0.89,0.78,0.066114,64,True,False,139,65,74
Q0.4.2,Yes,Template drift,,,,,,,,X,,,,,,,,,,,,,,,,,,,,,,,,,"0,76",,,,,,,,,,,,,,,,,,,,,,,,,"0,74",,,,,,,,,,,,,,,,,,,,,,,,,"0,49",,,,,,,,,,,,,,,,,,,1,"0,76","0,190","0,74","0,49","0,032545",0.76,1,0.19,0.74,0.49,0.032545,65,True,False,140,65,75
Q0.4.7,Yes,Contextual misfit,,,,,,,,X,,,,,,,,,,,,,,,,,,,,,,,,,"0,76",,,,,,,,,,,,,,,,,,,,,,,,,"0,74",,,,,,,,,,,,,,,,,,,,,,,,,"0,49",,,,,,,,,,,,,,,,,,,1,"0,76","0,190","0,74","0,49","0,032545",0.76,1,0.19,0.74,0.49,0.032545,65,True,False,141,65,76
Q0.10.2,Yes,Template drift,,,,,,,,X,,,,,,,,,,,,,,,,,,,,,,,,,"0,76",,,,,,,,,,,,,,,,,,,,,,,,,"0,74",,,,,,,,,,,,,,,,,,,,,,,,,"0,49",,,,,,,,,,,,,,,,,,,1,"0,76","0,190","0,74","0,49","0,032545",0.76,1,0.19,0.74,0.49,0.032545,65,True,False,142,65,77
Q0.10.3,Yes,Template drift,,,,,,,,X,,,,,,,,,,,,,,,,,,,,,,,,,"0,76",,,,,,,,,,,,,,,,,,,,,,,,,"0,74",,,,,,,,,,,,,,,,,,,,,,,,,"0,49",,,,,,,,,,,,,,,,,,,1,"0,76","0,190","0,74","0,49","0,032545",0.76,1,0.19,0.74,0.49,0.032545,65,True,False,143,65,78
Q0.9.4,Yes,Template drift,,,,,,,,X,,,,,,,,,,,,,,,,,,,,,,,,,"0,76",,,,,,,,,,,,,,,,,,,,,,,,,"0,74",,,,,,,,,,,,,,,,,,,,,,,,,"0,49",,,,,,,,,,,,,,,,,,,1,"0,76","0,190","0,74","0,49","0,032545",0.76,1,0.19,0.74,0.49,0.032545,65,True,False,144,65,79
Q0_ii.9.4,Yes,Template drift,,,,,,,,,X,,,,,,,,,,,,,,,,,,,,,,,,,"0,76",,,,,,,,,,,,,,,,,,,,,,,,,"0,74",,,,,,,,,,,,,,,,,,,,,,,,,"0,49",,,,,,,,,,,,,,,,,,1,"0,76","0,190","0,74","0,49","0,046404",0.76,1,0.19,0.74,0.49,0.046404,65,True,False,145,65,80
Q0.10.7,Yes,Template drift,,,,,,,,X,,,,,,,,,,,,,,,,,,,,,,,,,"0,76",,,,,,,,,,,,,,,,,,,,,,,,,"0,74",,,,,,,,,,,,,,,,,,,,,,,,,"0,49",,,,,,,,,,,,,,,,,,,1,"0,76","0,190","0,74","0,49","0,032545",0.76,1,0.19,0.74,0.49,0.032545,65,True,False,146,65,81
Q0.3.8,Yes,Template drift,,,,,,,,X,,,,,,,,,,,,,,,,,,,,,,,,,"0,76",,,,,,,,,,,,,,,,,,,,,,,,,"0,74",,,,,,,,,,,,,,,,,,,,,,,,,"0,49",,,,,,,,,,,,,,,,,,,1,"0,76","0,190","0,74","0,49","0,032545",0.76,1,0.19,0.74,0.49,0.032545,65,True,False,147,65,82
Q0_ii.3.3,Yes,Contextual misfit,,,,,,,,,X,,,,,,,,,,,,,,,,,,,,,,,,,"0,76",,,,,,,,,,,,,,,,,,,,,,,,,"0,74",,,,,,,,,,,,,,,,,,,,,,,,,"0,49",,,,,,,,,,,,,,,,,,1,"0,76","0,190","0,74","0,49","0,046404",0.76,1,0.19,0.74,0.49,0.046404,65,True,False,148,65,83
Q0.3.2,Yes,Contextual misfit,,,,,,,,X,,,,,,,,,,,,,,,,,,,,,,,,,"0,76",,,,,,,,,,,,,,,,,,,,,,,,,"0,74",,,,,,,,,,,,,,,,,,,,,,,,,"0,49",,,,,,,,,,,,,,,,,,,1,"0,76","0,190","0,74","0,49","0,032545",0.76,1,0.19,0.74,0.49,0.032545,65,True,False,149,65,84
GS.1.2,No,,H.1.2,,,,,,,,,,P,,,,,,,,,,,,,,,,,,,,,,,,,"0,76",,,,,,,,,,,,,,,,,,,,,,,,,"0,74",,,,,,,,,,,,,,,,,,,,,,,,,"0,49",,,,,,,,,,,,,,,,1,"0,76","0,190","0,74","0,49","0,058384",0.76,1,0.19,0.74,0.49,0.058384,65,False,True,150,66,84
Q0.3.7,Yes,Contextual misfit,,,,,,,,X,,,,,,,,,,,,,,,,,,,,,,,,,"0,76",,,,,,,,,,,,,,,,,,,,,,,,,"0,74",,,,,,,,,,,,,,,,,,,,,,,,,"0,49",,,,,,,,,,,,,,,,,,,1,"0,76","0,190","0,74","0,49","0,032545",0.76,1,0.19,0.74,0.49,0.032545,65,True,False,151,66,85
Q0_iii.3.5,Yes,Contextual misfit,,,,,,,,,,X,,,,,,,,,,,,,,,,,,,,,,,,,"0,76",,,,,,,,,,,,,,,,,,,,,,,,,"0,74",,,,,,,,,,,,,,,,,,,,,,,,,"0,49",,,,,,,,,,,,,,,,,1,"0,76","0,190","0,74","0,49","0,039036",0.76,1,0.19,0.74,0.49,0.039036,65,True,False,152,66,86
Q0_iii.3.4,Yes,Template drift,,,,,,,,,,X,,,,,,,,,,,,,,,,,,,,,,,,,"0,76",,,,,,,,,,,,,,,,,,,,,,,,,"0,74",,,,,,,,,,,,,,,,,,,,,,,,,"0,49",,,,,,,,,,,,,,,,,1,"0,76","0,190","0,74","0,49","0,039036",0.76,1,0.19,0.74,0.49,0.039036,65,True,False,153,66,87
Q0_iii.3.6,Yes,Architectural infeasibility,,,,,,,,,,X,,,,,,,,,,,,,,,,,,,,,,,,,"0,76",,,,,,,,,,,,,,,,,,,,,,,,,"0,74",,,,,,,,,,,,,,,,,,,,,,,,,"0,49",,,,,,,,,,,,,,,,,1,"0,76","0,190","0,74","0,49","0,039036",0.76,1,0.19,0.74,0.49,0.039036,65,True,False,154,66,88
Q0.3.9,Yes,Template drift,,,,,,,,X,,,,,,,,,,,,,,,,,,,,,,,,,"0,76",,,,,,,,,,,,,,,,,,,,,,,,,"0,74",,,,,,,,,,,,,,,,,,,,,,,,,"0,49",,,,,,,,,,,,,,,,,,,1,"0,76","0,190","0,74","0,49","0,032545",0.76,1,0.19,0.74,0.49,0.032545,65,True,False,155,66,89
Q0.10.5,Yes,Template drift,,,,,,,,X,,,,,,,,,,,,,,,,,,,,,,,,,"0,76",,,,,,,,,,,,,,,,,,,,,,,,,"0,74",,,,,,,,,,,,,,,,,,,,,,,,,"0,49",,,,,,,,,,,,,,,,,,,1,"0,76","0,190","0,74","0,49","0,032545",0.76,1,0.19,0.74,0.49,0.032545,65,True,False,156,66,90
Q0_iii.10.2,Yes,Contextual misfit,,,,,,,,,,X,,,,,,,,,,,,,,,,,,,,,,,,,"0,76",,,,,,,,,,,,,,,,,,,,,,,,,"0,74",,,,,,,,,,,,,,,,,,,,,,,,,"0,49",,,,,,,,,,,,,,,,,1,"0,76","0,190","0,74","0,49","0,039036",0.76,1,0.19,0.74,0.49,0.039036,65,True,False,157,66,91
Q0_iii.4.3,Yes,Scope misalignment,,,,,,,,,,X,,,,,,,,,,,,,,,,,,,,,,,,,"0,76",,,,,,,,,,,,,,,,,,,,,,,,,"0,74",,,,,,,,,,,,,,,,,,,,,,,,,"0,49",,,,,,,,,,,,,,,,,1,"0,76","0,190","0,74","0,49","0,039036",0.76,1,0.19,0.74,0.49,0.039036,65,True,False,158,66,92
Q0.4.11,Yes,Template drift,,,,,,,,X,,,,,,,,,,,,,,,,,,,,,,,,,"0,76",,,,,,,,,,,,,,,,,,,,,,,,,"0,74",,,,,,,,,,,,,,,,,,,,,,,,,"0,49",,,,,,,,,,,,,,,,,,,1,"0,76","0,190","0,74","0,49","0,032545",0.76,1,0.19,0.74,0.49,0.032545,65,True,False,159,66,93
Q0_iii.4.4,Yes,Contextual misfit,,,,,,,,,,X,,,,,,,,,,,,,,,,,,,,,,,,,"0,76",,,,,,,,,,,,,,,,,,,,,,,,,"0,74",,,,,,,,,,,,,,,,,,,,,,,,,"0,49",,,,,,,,,,,,,,,,,1,"0,76","0,190","0,74","0,49","0,039036",0.76,1,0.19,0.74,0.49,0.039036,65,True,False,160,66,94
Q0_ii.4.2,Yes,Template drift,,,,,,,,,X,,,,,,,,,,,,,,,,,,,,,,,,,"0,76",,,,,,,,,,,,,,,,,,,,,,,,,"0,74",,,,,,,,,,,,,,,,,,,,,,,,,"0,49",,,,,,,,,,,,,,,,,,1,"0,76","0,190","0,74","0,49","0,046404",0.76,1,0.19,0.74,0.49,0.046404,65,True,False,161,66,95
Q0.4.12,Yes,Template drift,,,,,,,,X,,,,,,,,,,,,,,,,,,,,,,,,,"0,76",,,,,,,,,,,,,,,,,,,,,,,,,"0,74",,,,,,,,,,,,,,,,,,,,,,,,,"0,49",,,,,,,,,,,,,,,,,,,1,"0,76","0,190","0,74","0,49","0,032545",0.76,1,0.19,0.74,0.49,0.032545,65,True,False,162,66,96
Q0.10.6,Yes,Template drift,,,,,,,,X,,,,,,,,,,,,,,,,,,,,,,,,,"0,76",,,,,,,,,,,,,,,,,,,,,,,,,"0,74",,,,,,,,,,,,,,,,,,,,,,,,,"0,49",,,,,,,,,,,,,,,,,,,1,"0,76","0,190","0,74","0,49","0,032545",0.76,1,0.19,0.74,0.49,0.032545,65,True,False,163,66,97
Q0_iii.7.2,Yes,Contextual misfit,,,,,,,,,,X,,,,,,,,,,,,,,,,,,,,,,,,,"0,76",,,,,,,,,,,,,,,,,,,,,,,,,"0,74",,,,,,,,,,,,,,,,,,,,,,,,,"0,49",,,,,,,,,,,,,,,,,1,"0,76","0,190","0,74","0,49","0,039036",0.76,1,0.19,0.74,0.49,0.039036,65,True,False,164,66,98
GS.6.3,No,,,,,,,,,,,,,,,X,,,,,,,,,,,,,,,,,,,,,,,,,"0,66",,,,,,,,,,,,,,,,,,,,,,,,,"0,65",,,,,,,,,,,,,,,,,,,,,,,,,"0,49",,,,,,,,,,,,,1,"0,66","0,165","0,65","0,49","0,044781",0.66,1,0.165,0.65,0.49,0.044781,66,False,True,165,67,98
M0_iii.2.4,Yes,Scope misalignment,,,,,,,,,,,,,,,,X,,,,,,,,,,,,,,,,,,,,,,,,,"0,66",,,,,,,,,,,,,,,,,,,,,,,,,"0,65",,,,,,,,,,,,,,,,,,,,,,,,,"0,49",,,,,,,,,,,1,"0,66","0,165","0,65","0,49","0,019326",0.66,1,0.165,0.65,0.49,0.019326,66,True,False,166,67,99
M0_iii.4.2,Yes,Template drift,,,,,,,,,,,,,,,,X,,,,,,,,,,,,,,,,,,,,,,,,,"0,66",,,,,,,,,,,,,,,,,,,,,,,,,"0,65",,,,,,,,,,,,,,,,,,,,,,,,,"0,49",,,,,,,,,,,1,"0,66","0,165","0,65","0,49","0,019326",0.66,1,0.165,0.65,0.49,0.019326,66,True,False,167,67,100
M0.2.3,Yes,Architectural infeasibility,,,,,,,,,,,,,,X,,,,,,,,,,,,,,,,,,,,,,,,,"0,66",,,,,,,,,,,,,,,,,,,,,,,,,"0,65",,,,,,,,,,,,,,,,,,,,,,,,,"0,49",,,,,,,,,,,,,1,"0,66","0,165","0,65","0,49","0,044781",0.66,1,0.165,0.65,0.49,0.044781,66,True,False,168,67,101
M0_ii.2.5,Yes,Scope misalignment,,,,,,,,,,,,,,,X,,,,,,,,,,,,,,,,,,,,,,,,,"0,66",,,,,,,,,,,,,,,,,,,,,,,,,"0,65",,,,,,,,,,,,,,,,,,,,,,,,,"0,49",,,,,,,,,,,,1,"0,66","0,165","0,65","0,49","0,011211",0.66,1,0.165,0.65,0.49,0.011211,66,True,False,169,67,102
M0_iii.2.2,Yes,Scope misalignment,,,,,,,,,,,,,,,,X,,,,,,,,,,,,,,,,,,,,,,,,,"0,66",,,,,,,,,,,,,,,,,,,,,,,,,"0,65",,,,,,,,,,,,,,,,,,,,,,,,,"0,49",,,,,,,,,,,1,"0,66","0,165","0,65","0,49","0,019326",0.66,1,0.165,0.65,0.49,0.019326,66,True,False,170,67,103
M0.3.4,Yes,Template drift,,,,,,,,,,,,,,X,,,,,,,,,,,,,,,,,,,,,,,,,"0,66",,,,,,,,,,,,,,,,,,,,,,,,,"0,65",,,,,,,,,,,,,,,,,,,,,,,,,"0,49",,,,,,,,,,,,,1,"0,66","0,165","0,65","0,49","0,044781",0.66,1,0.165,0.65,0.49,0.044781,66,True,False,171,67,104
GS.10.9,No,,,,,,,,,,,,,,,X,,,,,,,,,,,,,,,,,,,,,,,,,"0,66",,,,,,,,,,,,,,,,,,,,,,,,,"0,65",,,,,,,,,,,,,,,,,,,,,,,,,"0,49",,,,,,,,,,,,,1,"0,66","0,165","0,65","0,49","0,044781",0.66,1,0.165,0.65,0.49,0.044781,66,False,True,172,68,104
M0_iii.8.3,Yes,Template drift,,,,,,,,,,,,,,,,X,,,,,,,,,,,,,,,,,,,,,,,,,"0,66",,,,,,,,,,,,,,,,,,,,,,,,,"0,65",,,,,,,,,,,,,,,,,,,,,,,,,"0,49",,,,,,,,,,,1,"0,66","0,165","0,65","0,49","0,019326",0.66,1,0.165,0.65,0.49,0.019326,66,True,False,173,68,105
M0_iv.8.1,Yes,Architectural infeasibility,,,,,,,,,,,,,,,,,X,,,,,,,,,,,,,,,,,,,,,,,,,"0,66",,,,,,,,,,,,,,,,,,,,,,,,,"0,65",,,,,,,,,,,,,,,,,,,,,,,,,"0,49",,,,,,,,,,1,"0,66","0,165","0,65","0,49","0,030559",0.66,1,0.165,0.65,0.49,0.030559,66,True,False,174,68,106
M0_iv.8.2,Yes,Architectural infeasibility,,,,,,,,,,,,,,,,,X,,,,,,,,,,,,,,,,,,,,,,,,,"0,66",,,,,,,,,,,,,,,,,,,,,,,,,"0,65",,,,,,,,,,,,,,,,,,,,,,,,,"0,49",,,,,,,,,,1,"0,66","0,165","0,65","0,49","0,030559",0.66,1,0.165,0.65,0.49,0.030559,66,True,False,175,68,107
M0_ii.7.5,Yes,Contextual misfit,,,,,,,,,,,,,,,X,,,,,,,,,,,,,,,,,,,,,,,,,"0,66",,,,,,,,,,,,,,,,,,,,,,,,,"0,65",,,,,,,,,,,,,,,,,,,,,,,,,"0,49",,,,,,,,,,,,1,"0,66","0,165","0,65","0,49","0,011211",0.66,1,0.165,0.65,0.49,0.011211,66,True,False,176,68,108
M0_ii.7.1,Yes,Architectural infeasibility,,,,,,,,,,,,,,,X,,,,,,,,,,,,,,,,,,,,,,,,,"0,66",,,,,,,,,,,,,,,,,,,,,,,,,"0,65",,,,,,,,,,,,,,,,,,,,,,,,,"0,49",,,,,,,,,,,,1,"0,66","0,165","0,65","0,49","0,011211",0.66,1,0.165,0.65,0.49,0.011211,66,True,False,177,68,109
M0_iv.7.5,Yes,Contextual misfit,,,,,,,,,,,,,,,,,X,,,,,,,,,,,,,,,,,,,,,,,,,"0,66",,,,,,,,,,,,,,,,,,,,,,,,,"0,65",,,,,,,,,,,,,,,,,,,,,,,,,"0,49",,,,,,,,,,1,"0,66","0,165","0,65","0,49","0,030559",0.66,1,0.165,0.65,0.49,0.030559,66,True,False,178,68,110
M0_iv.7.3,Yes,Contextual misfit,,,,,,,,,,,,,,,,,X,,,,,,,,,,,,,,,,,,,,,,,,,"0,66",,,,,,,,,,,,,,,,,,,,,,,,,"0,65",,,,,,,,,,,,,,,,,,,,,,,,,"0,49",,,,,,,,,,1,"0,66","0,165","0,65","0,49","0,030559",0.66,1,0.165,0.65,0.49,0.030559,66,True,False,179,68,111
GS.10.10,No,,,,,,,,,,,,,,,X,,,,,,,,,,,,,,,,,,,,,,,,,"0,66",,,,,,,,,,,,,,,,,,,,,,,,,"0,65",,,,,,,,,,,,,,,,,,,,,,,,,"0,49",,,,,,,,,,,,,1,"0,66","0,165","0,65","0,49","0,044781",0.66,1,0.165,0.65,0.49,0.044781,66,False,True,180,69,111
GS.1.3,No,,,,,,,,,,,,,,,,,,,,,,,,,,,,,,,,,,,,,,,,,,,,,,,,,,,,,,,,,,,,,,,,,,,,,,,,,,,,,,,,,,,,,,,,,,,,,,,,,,,,,,,0,"0,00","0,000","0,00","0,00","0,000000",0.0,0,0.0,0.0,0.0,0.0,67,False,True,181,70,111
GS.3.3,No,,H.3.3,,,,,,,,,,,,,,,,,,,,,,,,,,,,,,,,,,,,,,,,,,,,,,,,,,,,,,,,,,,,,,,,,,,,,,,,,,,,,,,,,,,,,,,,,,,,,,,,,,,,,0,"0,00","0,000","0,00","0,00","0,000000",0.0,0,0.0,0.0,0.0,0.0,67,False,True,182,71,111
GS.4.21,No,,,,,,,,,,,,,,,,,,,,,,,,,,,,,,,,,,,,,,,,,,,,,,,,,,,,,,,,,,,,,,,,,,,,,,,,,,,,,,,,,,,,,,,,,,,,,,,,,,,,,,,0,"0,00","0,000","0,00","0,00","0,000000",0.0,0,0.0,0.0,0.0,0.0,67,False,True,183,72,111
GS.7.10,No,,,,,,,,,,,,,,,,,,,,,,,,,,,,,,,,,,,,,,,,,,,,,,,,,,,,,,,,,,,,,,,,,,,,,,,,,,,,,,,,,,,,,,,,,,,,,,,,,,,,,,,0,"0,00","0,000","0,00","0,00","0,000000",0.0,0,0.0,0.0,0.0,0.0,67,False,True,184,73,111
GS.7.11,No,,,,,,,,,,,,,,,,,,,,,,,,,,,,,,,,,,,,,,,,,,,,,,,,,,,,,,,,,,,,,,,,,,,,,,,,,,,,,,,,,,,,,,,,,,,,,,,,,,,,,,,0,"0,00","0,000","0,00","0,00","0,000000",0.0,0,0.0,0.0,0.0,0.0,67,False,True,185,74,111
GS.4.20,No,,,,,,,,,,,,,,,,,,,,,,,,,,,,,,,,,,,,,,,,,,,,,,,,,,,,,,,,,,,,,,,,,,,,,,,,,,,,,,,,,,,,,,,,,,,,,,,,,,,,,,,0,"0,00","0,000","0,00","0,00","0,000000",0.0,0,0.0,0.0,0.0,0.0,67,False,True,186,75,111
GS.8.3,No,,,,,,,,,,,,,,,,,,,,,,,,,,,,,,,,,,,,,,,,,,,,,,,,,,,,,,,,,,,,,,,,,,,,,,,,,,,,,,,,,,,,,,,,,,,,,,,,,,,,,,,0,"0,00","0,000","0,00","0,00","0,000000",0.0,0,0.0,0.0,0.0,0.0,67,False,True,187,76,111
