#,Hall.,H. Type,Unnamed: 3,L0,L0_ii,L0_iii,L0_iv,L1,L2,Q0,Q0_ii,Q0_iii,Q0_iv,Q1,Q2,M0,M0_ii,M0_iii,M0_iv,M1,M2,G0,G0_ii,G0_iii,G0_iv,G1,G2,Unnamed: 28,L0.1,L0_ii.1,L0_iii.1,L0_iv.1,L1.1,L2.1,Q0.1,Q0_ii.1,Q0_iii.1,Q0_iv.1,Q1.1,Q2.1,M0.1,M0_ii.1,M0_iii.1,M0_iv.1,M1.1,M2.1,G0.1,G0_ii.1,G0_iii.1,G0_iv.1,G1.1,G2.1,Unnamed: 53,L0.2,L0_ii.2,L0_iii.2,L0_iv.2,L1.2,L2.2,Q0.2,Q0_ii.2,Q0_iii.2,Q0_iv.2,Q1.2,Q2.2,M0.2,M0_ii.2,M0_iii.2,M0_iv.2,M1.2,M2.2,G0.2,G0_ii.2,G0_iii.2,G0_iv.2,G1.2,G2.2,Unnamed: 78,L0.3,L0_ii.3,L0_iii.3,L0_iv.3,L1.3,L2.3,Q0.3,Q0_ii.3,Q0_iii.3,Q0_iv.3,Q1.3,Q2.3,M0.3,M0_ii.3,M0_iii.3,M0_iv.3,M1.3,M2.3,G0.3,G0_ii.3,G0_iii.3,G0_iv.3,G1.3,G2.3,Unnamed: 103,Support,Prec. Macro,Prec. Macro Balanced,Prec. Micro A,Prec. Micro B,bayes_posterior,E1_score,E2_score,E3_score,E4_score,E5_score,BAYES_score,WOPT_score,Rank,is_hall,is_real,k,cum_covered,cum_hall
GS.6.1,No,,H.6.1,X,X,P,P,X,X,X,X,X,X,X,X,X,X,X,X,P,X,X,X,X,X,X,X,,"0,89","0,89","0,89","0,89","0,80","0,89","0,76","0,76","0,76","0,76","0,75","0,72","0,66","0,66","0,66","0,66","0,75","0,61","0,85","0,85","0,85","0,85","0,60","0,74",,"0,89","0,89","0,89","0,89","0,80","0,89","0,74","0,74","0,74","0,74","0,75","0,72","0,65","0,65","0,65","0,65","0,75","0,61","0,84","0,84","0,84","0,84","0,60","0,74",,"0,78","0,78","0,78","0,78","0,80","0,89","0,49","0,49","0,49","0,49","0,75","0,72","0,49","0,49","0,49","0,49","0,75","0,61","0,68","0,68","0,68","0,68","0,60","0,74",,24.0,"18,49","11,582","18,36","15,59",1.0,18.49,24.0,11.582,18.36,15.59,1.0,1.0,1,False,True,1,1,0
GS.1.1,No,,H.1.1,X,X,X,X,X,X,X,X,X,X,X,X,X,X,X,X,X,X,P,X,X,X,X,X,,"0,89","0,89","0,89","0,89","0,80","0,89","0,76","0,76","0,76","0,76","0,75","0,72","0,66","0,66","0,66","0,66","0,75","0,61","0,85","0,85","0,85","0,85","0,60","0,74",,"0,89","0,89","0,89","0,89","0,80","0,89","0,74","0,74","0,74","0,74","0,75","0,72","0,65","0,65","0,65","0,65","0,75","0,61","0,84","0,84","0,84","0,84","0,60","0,74",,"0,78","0,78","0,78","0,78","0,80","0,89","0,49","0,49","0,49","0,49","0,75","0,72","0,49","0,49","0,49","0,49","0,75","0,61","0,68","0,68","0,68","0,68","0,60","0,74",,24.0,"18,49","11,582","18,36","15,59",1.0,18.49,24.0,11.582,18.36,15.59,1.0,1.0,1,False,True,2,2,0
GS.5.1,No,,H.5.1,X,X,X,X,X,X,X,X,X,X,X,X,X,X,X,X,X,X,X,X,X,X,X,X,,"0,89","0,89","0,89","0,89","0,80","0,89","0,76","0,76","0,76","0,76","0,75","0,72","0,66","0,66","0,66","0,66","0,75","0,61","0,85","0,85","0,85","0,85","0,60","0,74",,"0,89","0,89","0,89","0,89","0,80","0,89","0,74","0,74","0,74","0,74","0,75","0,72","0,65","0,65","0,65","0,65","0,75","0,61","0,84","0,84","0,84","0,84","0,60","0,74",,"0,78","0,78","0,78","0,78","0,80","0,89","0,49","0,49","0,49","0,49","0,75","0,72","0,49","0,49","0,49","0,49","0,75","0,61","0,68","0,68","0,68","0,68","0,60","0,74",,24.0,"18,49","11,582","18,36","15,59",1.0,18.49,24.0,11.582,18.36,15.59,1.0,1.0,1,False,True,3,3,0
GS.7.1,No,,H.7.1,X,X,X,X,X,X,P,P,P,P,P,P,P,P,P,P,P,P,X,X,X,X,X,P,,"0,89","0,89","0,89","0,89","0,80","0,89","0,76","0,76","0,76","0,76","0,75","0,72","0,66","0,66","0,66","0,66","0,75","0,61","0,85","0,85","0,85","0,85","0,60","0,74",,"0,89","0,89","0,89","0,89","0,80","0,89","0,74","0,74","0,74","0,74","0,75","0,72","0,65","0,65","0,65","0,65","0,75","0,61","0,84","0,84","0,84","0,84","0,60","0,74",,"0,78","0,78","0,78","0,78","0,80","0,89","0,49","0,49","0,49","0,49","0,75","0,72","0,49","0,49","0,49","0,49","0,75","0,61","0,68","0,68","0,68","0,68","0,60","0,74",,24.0,"18,49","11,582","18,36","15,59",1.0,18.49,24.0,11.582,18.36,15.59,1.0,1.0,1,False,True,4,4,0
GS.8.1,No,,H.8.1,X,X,X,X,X,X,X,X,X,X,X,X,X,X,X,X,X,X,X,X,X,X,X,X,,"0,89","0,89","0,89","0,89","0,80","0,89","0,76","0,76","0,76","0,76","0,75","0,72","0,66","0,66","0,66","0,66","0,75","0,61","0,85","0,85","0,85","0,85","0,60","0,74",,"0,89","0,89","0,89","0,89","0,80","0,89","0,74","0,74","0,74","0,74","0,75","0,72","0,65","0,65","0,65","0,65","0,75","0,61","0,84","0,84","0,84","0,84","0,60","0,74",,"0,78","0,78","0,78","0,78","0,80","0,89","0,49","0,49","0,49","0,49","0,75","0,72","0,49","0,49","0,49","0,49","0,75","0,61","0,68","0,68","0,68","0,68","0,60","0,74",,24.0,"18,49","11,582","18,36","15,59",1.0,18.49,24.0,11.582,18.36,15.59,1.0,1.0,1,False,True,5,5,0
GS.3.1,No,,H.3.1,P,P,P,P,P,P,P,X,X,P,P,P,P,,P,P,P,P,X,X,X,X,X,X,,"0,89","0,89","0,89","0,89","0,80","0,89","0,76","0,76","0,76","0,76","0,75","0,72","0,66",,"0,66","0,66","0,75","0,61","0,85","0,85","0,85","0,85","0,60","0,74",,"0,89","0,89","0,89","0,89","0,80","0,89","0,74","0,74","0,74","0,74","0,75","0,72","0,65",,"0,65","0,65","0,75","0,61","0,84","0,84","0,84","0,84","0,60","0,74",,"0,78","0,78","0,78","0,78","0,80","0,89","0,49","0,49","0,49","0,49","0,75","0,72","0,49",,"0,49","0,49","0,75","0,61","0,68","0,68","0,68","0,68","0,60","0,74",,23.0,"17,84","11,418","17,70","15,10",1.0,17.84,23.0,11.418,17.7,15.1,1.0,0.9887887588622193,2,False,True,6,6,0
GS.9.1,No,,H.9.1,X,X,X,X,X,X,X,X,X,X,P,,X,X,P,X,X,X,X,X,X,X,X,X,,"0,89","0,89","0,89","0,89","0,80","0,89","0,76","0,76","0,76","0,76","0,75",,"0,66","0,66","0,66","0,66","0,75","0,61","0,85","0,85","0,85","0,85","0,60","0,74",,"0,89","0,89","0,89","0,89","0,80","0,89","0,74","0,74","0,74","0,74","0,75",,"0,65","0,65","0,65","0,65","0,75","0,61","0,84","0,84","0,84","0,84","0,60","0,74",,"0,78","0,78","0,78","0,78","0,80","0,89","0,49","0,49","0,49","0,49","0,75",,"0,49","0,49","0,49","0,49","0,75","0,61","0,68","0,68","0,68","0,68","0,60","0,74",,23.0,"17,77","10,858","17,63","14,87",1.0,17.77,23.0,10.858,17.63,14.87,1.0,0.9632057743230547,3,False,True,7,7,0
GS.4.7,No,,H.4.7,P,P,P,P,P,P,X,X,X,X,X,P,X,X,X,X,X,X,,X,X,P,P,P,,"0,89","0,89","0,89","0,89","0,80","0,89","0,76","0,76","0,76","0,76","0,75","0,72","0,66","0,66","0,66","0,66","0,75","0,61",,"0,85","0,85","0,85","0,60","0,74",,"0,89","0,89","0,89","0,89","0,80","0,89","0,74","0,74","0,74","0,74","0,75","0,72","0,65","0,65","0,65","0,65","0,75","0,61",,"0,84","0,84","0,84","0,60","0,74",,"0,78","0,78","0,78","0,78","0,80","0,89","0,49","0,49","0,49","0,49","0,75","0,72","0,49","0,49","0,49","0,49","0,75","0,61",,"0,68","0,68","0,68","0,60","0,74",,23.0,"17,64","10,728","17,51","14,92",1.0,17.64,23.0,10.728,17.51,14.92,1.0,0.9583368924575042,4,False,True,8,8,0
GS.9.3,No,,H.9.3,X,X,X,X,X,,X,X,X,X,X,X,X,X,X,X,X,X,X,X,X,X,X,X,,"0,89","0,89","0,89","0,89","0,80",,"0,76","0,76","0,76","0,76","0,75","0,72","0,66","0,66","0,66","0,66","0,75","0,61","0,85","0,85","0,85","0,85","0,60","0,74",,"0,89","0,89","0,89","0,89","0,80",,"0,74","0,74","0,74","0,74","0,75","0,72","0,65","0,65","0,65","0,65","0,75","0,61","0,84","0,84","0,84","0,84","0,60","0,74",,"0,78","0,78","0,78","0,78","0,80",,"0,49","0,49","0,49","0,49","0,75","0,72","0,49","0,49","0,49","0,49","0,75","0,61","0,68","0,68","0,68","0,68","0,60","0,74",,23.0,"17,60","10,690","17,46","14,70",1.0,17.6,23.0,10.69,17.46,14.7,1.0,0.9456094644229949,5,False,True,9,9,0
GS.2.1,No,,H.2.1,X,X,X,X,P,X,P,X,X,P,X,X,,,,X,X,,P,X,X,P,X,P,,"0,89","0,89","0,89","0,89","0,80","0,89","0,76","0,76","0,76","0,76","0,75","0,72",,,,"0,66","0,75",,"0,85","0,85","0,85","0,85","0,60","0,74",,"0,89","0,89","0,89","0,89","0,80","0,89","0,74","0,74","0,74","0,74","0,75","0,72",,,,"0,65","0,75",,"0,84","0,84","0,84","0,84","0,60","0,74",,"0,78","0,78","0,78","0,78","0,80","0,89","0,49","0,49","0,49","0,49","0,75","0,72",,,,"0,49","0,75",,"0,68","0,68","0,68","0,68","0,60","0,74",,20.0,"15,91","10,483","15,79","13,52",1.0,15.91,20.0,10.483,15.79,13.52,1.0,0.8983727684291452,6,False,True,10,10,0
GS.5.2,No,,H.5.2,P,P,P,P,,,X,X,X,X,X,,,,,,,,X,X,X,X,,X,,"0,89","0,89","0,89","0,89",,,"0,76","0,76","0,76","0,76","0,75",,,,,,,,"0,85","0,85","0,85","0,85",,"0,74",,"0,89","0,89","0,89","0,89",,,"0,74","0,74","0,74","0,74","0,75",,,,,,,,"0,84","0,84","0,84","0,84",,"0,74",,"0,78","0,78","0,78","0,78",,,"0,49","0,49","0,49","0,49","0,75",,,,,,,,"0,68","0,68","0,68","0,68",,"0,74",,14.0,"11,49","6,551","11,37","9,26",0.9999999998204068,11.49,14.0,6.551,11.37,9.26,0.9999999998204068,0.6684889382420774,7,False,True,11,11,0
GS.4.1,No,,H.4.1,X,X,X,P,X,X,X,P,P,P,,P,,,,,P,P,,,,,,,,"0,89","0,89","0,89","0,89","0,80","0,89","0,76","0,76","0,76","0,76",,"0,72",,,,,"0,75","0,61",,,,,,,,"0,89","0,89","0,89","0,89","0,80","0,89","0,74","0,74","0,74","0,74",,"0,72",,,,,"0,75","0,61",,,,,,,,"0,78","0,78","0,78","0,78","0,80","0,89","0,49","0,49","0,49","0,49",,"0,72",,,,,"0,75","0,61",,,,,,,,13.0,"10,36","5,419","10,28","8,84",0.9999999989713046,10.36,13.0,5.419,10.28,8.84,0.9999999989713046,0.6537541641752799,8,False,True,12,12,0
GS.7.2,No,,H.7.2,,X,X,X,X,X,,,,,,X,P,,,P,P,P,X,X,X,X,,,,,"0,89","0,89","0,89","0,80","0,89",,,,,,"0,72","0,66",,,"0,66","0,75","0,61","0,85","0,85","0,85","0,85",,,,,"0,89","0,89","0,89","0,80","0,89",,,,,,"0,72","0,65",,,"0,65","0,75","0,61","0,84","0,84","0,84","0,84",,,,,"0,78","0,78","0,78","0,80","0,89",,,,,,"0,72","0,49",,,"0,49","0,75","0,61","0,68","0,68","0,68","0,68",,,,14.0,"11,17","8,186","11,11","9,78",0.9999999994757438,11.17,14.0,8.186,11.11,9.78,0.9999999994757438,0.6359229520799523,9,False,True,13,13,0
GS.4.5,No,,H.4.5,X,X,X,P,X,X,X,,P,P,,P,,,,,P,P,,,,,X,,,"0,89","0,89","0,89","0,89","0,80","0,89","0,76",,"0,76","0,76",,"0,72",,,,,"0,75","0,61",,,,,"0,60",,,"0,89","0,89","0,89","0,89","0,80","0,89","0,74",,"0,74","0,74",,"0,72",,,,,"0,75","0,61",,,,,"0,60",,,"0,78","0,78","0,78","0,78","0,80","0,89","0,49",,"0,49","0,49",,"0,72",,,,,"0,75","0,61",,,,,"0,60",,,13.0,"10,20","5,829","10,14","8,95",0.9999999992023554,10.2,13.0,5.829,10.14,8.95,0.9999999992023554,0.6282993081062612,10,False,True,14,14,0
GS.10.2,No,,H.10.2,X,P,X,X,X,,,,,,,X,X,X,X,,,X,P,P,P,P,,,,"0,89","0,89","0,89","0,89","0,80",,,,,,,"0,72","0,66","0,66","0,66",,,"0,61","0,85","0,85","0,85","0,85",,,,"0,89","0,89","0,89","0,89","0,80",,,,,,,"0,72","0,65","0,65","0,65",,,"0,61","0,84","0,84","0,84","0,84",,,,"0,78","0,78","0,78","0,78","0,80",,,,,,,"0,72","0,49","0,49","0,49",,,"0,61","0,68","0,68","0,68","0,68",,,,14.0,"11,07","6,929","11,01","9,41",0.9999999994757438,11.07,14.0,6.929,11.01,9.41,0.9999999994757438,0.6251815153327069,11,False,True,15,15,0
GS.4.3,No,,H.4.3,X,X,X,P,,X,P,P,P,P,,P,,,,,P,P,,,,,,,,"0,89","0,89","0,89","0,89",,"0,89","0,76","0,76","0,76","0,76",,"0,72",,,,,"0,75","0,61",,,,,,,,"0,89","0,89","0,89","0,89",,"0,89","0,74","0,74","0,74","0,74",,"0,72",,,,,"0,75","0,61",,,,,,,,"0,78","0,78","0,78","0,78",,"0,89","0,49","0,49","0,49","0,49",,"0,72",,,,,"0,75","0,61",,,,,,,,12.0,"9,56","4,619","9,48","8,04",0.9999999828626899,9.56,12.0,4.619,9.48,8.04,0.9999999828626899,0.6049799265396771,12,False,True,16,16,0
GS.4.2,No,,H.4.2,X,X,X,P,X,X,,P,P,P,,,,,,,P,P,,,,,,,,"0,89","0,89","0,89","0,89","0,80","0,89",,"0,76","0,76","0,76",,,,,,,"0,75","0,61",,,,,,,,"0,89","0,89","0,89","0,89","0,80","0,89",,"0,74","0,74","0,74",,,,,,,"0,75","0,61",,,,,,,,"0,78","0,78","0,78","0,78","0,80","0,89",,"0,49","0,49","0,49",,,,,,,"0,75","0,61",,,,,,,,11.0,"8,87","4,505","8,82","7,63",0.9999999683150455,8.87,11.0,4.505,8.82,7.63,0.9999999683150455,0.5844153070812336,13,False,True,17,17,0
GS.10.1,No,,H.10.1,,,,,X,P,,X,X,X,,,X,X,X,X,X,X,,X,,X,,X,,,,,,"0,80","0,89",,"0,76","0,76","0,76",,,"0,66","0,66","0,66","0,66","0,75","0,61",,"0,85",,"0,85",,"0,74",,,,,,"0,80","0,89",,"0,74","0,74","0,74",,,"0,65","0,65","0,65","0,65","0,75","0,61",,"0,84",,"0,84",,"0,74",,,,,,"0,80","0,89",,"0,49","0,49","0,49",,,"0,49","0,49","0,49","0,49","0,75","0,61",,"0,68",,"0,68",,"0,74",,14.0,"10,40","6,722","10,31","8,57",0.9999999523337639,10.4,14.0,6.722,10.31,8.57,0.9999999523337639,0.5269923977107713,14,False,True,18,18,0
GS.7.3,No,,H.7.3,,,X,X,,X,X,X,X,X,,,,,,,X,,X,,X,X,,,,,,"0,89","0,89",,"0,89","0,76","0,76","0,76","0,76",,,,,,,"0,75",,"0,85",,"0,85","0,85",,,,,,"0,89","0,89",,"0,89","0,74","0,74","0,74","0,74",,,,,,,"0,75",,"0,84",,"0,84","0,84",,,,,,"0,78","0,78",,"0,89","0,49","0,49","0,49","0,49",,,,,,,"0,75",,"0,68",,"0,68","0,68",,,,11.0,"9,02","5,409","8,91","7,19",0.9999997525406443,9.02,11.0,5.409,8.91,7.19,0.9999997525406443,0.5241522166225335,15,False,True,19,19,0
GS.10.3,No,,H.10.3,X,,,X,,X,X,,,,X,X,P,P,,,,,X,,,X,X,X,,"0,89",,,"0,89",,"0,89","0,76",,,,"0,75","0,72","0,66","0,66",,,,,"0,85",,,"0,85","0,60","0,74",,"0,89",,,"0,89",,"0,89","0,74",,,,"0,75","0,72","0,65","0,65",,,,,"0,84",,,"0,84","0,60","0,74",,"0,78",,,"0,78",,"0,89","0,49",,,,"0,75","0,72","0,49","0,49",,,,,"0,68",,,"0,68","0,60","0,74",,12.0,"9,26","6,375","9,21","8,08",0.9999999441811427,9.26,12.0,6.375,9.21,8.08,0.9999999441811427,0.4848381310327155,16,False,True,20,20,0
GS.3.2,No,,H.3.2,X,X,P,P,P,,,,,,X,X,,,,,,,,,,X,P,,,"0,89","0,89","0,89","0,89","0,80",,,,,,"0,75","0,72",,,,,,,,,,"0,85","0,60",,,"0,89","0,89","0,89","0,89","0,80",,,,,,"0,75","0,72",,,,,,,,,,"0,84","0,60",,,"0,78","0,78","0,78","0,78","0,80",,,,,,"0,75","0,72",,,,,,,,,,"0,68","0,60",,,9.0,"7,28","4,616","7,27","6,65",0.999999324283368,7.28,9.0,4.616,7.27,6.65,0.999999324283368,0.4466985564192364,17,False,True,21,21,0
GS.10.5,No,,,,X,X,X,,X,,,,,X,,,,,,,,X,X,X,X,,,,,"0,89","0,89","0,89",,"0,89",,,,,"0,75",,,,,,,,"0,85","0,85","0,85","0,85",,,,,"0,89","0,89","0,89",,"0,89",,,,,"0,75",,,,,,,,"0,84","0,84","0,84","0,84",,,,,"0,78","0,78","0,78",,"0,89",,,,,"0,75",,,,,,,,"0,68","0,68","0,68","0,68",,,,9.0,"7,72","5,727","7,67","6,67",0.9999987804951769,7.72,9.0,5.727,7.67,6.67,0.9999987804951769,0.4377295635090117,18,False,True,22,22,0
L0.3.3; L0_ii.3.2; L1.3.2; Q0_ii.3.2; Q0_iii.3.3; Q0_iv.3.1; Q1.3.7; Q2.3.1; M0_ii.3.1; M0_iii.3.1,Yes,Scope misalignment,,X,X,,,X,,,X,X,X,X,X,,X,X,,,,,,,,,,,"0,89","0,89",,,"0,80",,,"0,76","0,76","0,76","0,75","0,72",,"0,66","0,66",,,,,,,,,,,"0,89","0,89",,,"0,80",,,"0,74","0,74","0,74","0,75","0,72",,"0,65","0,65",,,,,,,,,,,"0,78","0,78",,,"0,80",,,"0,49","0,49","0,49","0,75","0,72",,"0,49","0,49",,,,,,,,,,,10.0,"7,64","3,616","7,58","6,28",0.9999952438927784,7.64,10.0,3.616,7.58,6.28,0.9999952438927784,0.4277141880925942,19,True,False,23,22,1
GS.5.3,No,,,X,X,X,X,X,X,,,,,,,,,,,,,,,,,,,,"0,89","0,89","0,89","0,89","0,80","0,89",,,,,,,,,,,,,,,,,,,,"0,89","0,89","0,89","0,89","0,80","0,89",,,,,,,,,,,,,,,,,,,,"0,78","0,78","0,78","0,78","0,80","0,89",,,,,,,,,,,,,,,,,,,,6.0,"5,24","2,580","5,24","4,80",0.9999360019287525,5.24,6.0,2.58,5.24,4.8,0.9999360019287525,0.375864867173486,20,False,True,24,23,1
GS.4.8,No,,H.4.8,P,,,,,,P,P,P,P,,,,,,,,X,P,P,,,,,,"0,89",,,,,,"0,76","0,76","0,76","0,76",,,,,,,,"0,61","0,85","0,85",,,,,,"0,89",,,,,,"0,74","0,74","0,74","0,74",,,,,,,,"0,61","0,84","0,84",,,,,,"0,78",,,,,,"0,49","0,49","0,49","0,49",,,,,,,,"0,61","0,68","0,68",,,,,,8.0,"6,24","3,296","6,14","4,70",0.9995086836009361,6.24,8.0,3.296,6.14,4.7,0.9995086836009361,0.3690954130007688,21,False,True,25,24,1
GS.3.4,No,,H.3.4,,X,,,,,X,X,X,P,,,,,,,,,X,X,,P,,,,,"0,89",,,,,"0,76","0,76","0,76","0,76",,,,,,,,,"0,85","0,85",,"0,85",,,,,"0,89",,,,,"0,74","0,74","0,74","0,74",,,,,,,,,"0,84","0,84",,"0,84",,,,,"0,78",,,,,"0,49","0,49","0,49","0,49",,,,,,,,,"0,68","0,68",,"0,68",,,,8.0,"6,49","3,545","6,38","4,77",0.999763974556637,6.49,8.0,3.545,6.38,4.77,0.999763974556637,0.3589946186042539,22,False,True,26,25,1
GS.9.2,No,,H.9.2,X,X,X,X,,,X,,,,,,P,,,,,,,,,,,,,"0,89","0,89","0,89","0,89",,,"0,76",,,,,,"0,66",,,,,,,,,,,,,"0,89","0,89","0,89","0,89",,,"0,74",,,,,,"0,65",,,,,,,,,,,,,"0,78","0,78","0,78","0,78",,,"0,49",,,,,,"0,49",,,,,,,,,,,,,6.0,"4,96","1,241","4,94","4,09",0.9990698087526797,4.96,6.0,1.241,4.94,4.09,0.9990698087526797,0.3500256256940293,23,False,True,27,26,1
GS.3.5,No,,H.3.5,X,X,X,X,X,,,,,,,,,,,,,,,,,,,,,"0,89","0,89","0,89","0,89","0,80",,,,,,,,,,,,,,,,,,,,,"0,89","0,89","0,89","0,89","0,80",,,,,,,,,,,,,,,,,,,,,"0,78","0,78","0,78","0,78","0,80",,,,,,,,,,,,,,,,,,,,,5.0,"4,35","1,687","4,35","3,90",0.9989349073560926,4.35,5.0,1.687,4.35,3.9,0.9989349073560926,0.32147433159648076,24,False,True,28,27,1
GS.4.4,No,,H.4.4,X,,,,,,X,,P,P,,,,,,,P,P,,,,,,,,"0,89",,,,,,"0,76",,"0,76","0,76",,,,,,,"0,75","0,61",,,,,,,,"0,89",,,,,,"0,74",,"0,74","0,74",,,,,,,"0,75","0,61",,,,,,,,"0,78",,,,,,"0,49",,"0,49","0,49",,,,,,,"0,75","0,61",,,,,,,,6.0,"4,52","2,147","4,46","3,61",0.9609318130696851,4.52,6.0,2.147,4.46,3.61,0.9609318130696851,0.2767788502605279,25,False,True,29,28,1
GS.10.11,No,,,X,X,X,X,,,,,,,,,,,,,,,,,,,,,,"0,89","0,89","0,89","0,89",,,,,,,,,,,,,,,,,,,,,,"0,89","0,89","0,89","0,89",,,,,,,,,,,,,,,,,,,,,,"0,78","0,78","0,78","0,78",,,,,,,,,,,,,,,,,,,,,,4.0,"3,55","0,887","3,55","3,10",0.9825474360735368,3.55,4.0,0.887,3.55,3.1,0.9825474360735368,0.27270009396087813,26,False,True,30,29,1
GS.6.2,No,,,X,X,X,X,,,,,,,,,,,,,,,,,,,,,,"0,89","0,89","0,89","0,89",,,,,,,,,,,,,,,,,,,,,,"0,89","0,89","0,89","0,89",,,,,,,,,,,,,,,,,,,,,,"0,78","0,78","0,78","0,78",,,,,,,,,,,,,,,,,,,,,,4.0,"3,55","0,887","3,55","3,10",0.9825474360735368,3.55,4.0,0.887,3.55,3.1,0.9825474360735368,0.27270009396087813,26,False,True,31,30,1
GS.8.2,No,,,X,X,X,X,,,,,,,,,,,,,,,,,,,,,,"0,89","0,89","0,89","0,89",,,,,,,,,,,,,,,,,,,,,,"0,89","0,89","0,89","0,89",,,,,,,,,,,,,,,,,,,,,,"0,78","0,78","0,78","0,78",,,,,,,,,,,,,,,,,,,,,,4.0,"3,55","0,887","3,55","3,10",0.9825474360735368,3.55,4.0,0.887,3.55,3.1,0.9825474360735368,0.27270009396087813,26,False,True,32,31,1
GS.9.4,No,,,X,X,X,X,,,,,,,,,,,,,,,,,,,,,,"0,89","0,89","0,89","0,89",,,,,,,,,,,,,,,,,,,,,,"0,89","0,89","0,89","0,89",,,,,,,,,,,,,,,,,,,,,,"0,78","0,78","0,78","0,78",,,,,,,,,,,,,,,,,,,,,,4.0,"3,55","0,887","3,55","3,10",0.9825474360735368,3.55,4.0,0.887,3.55,3.1,0.9825474360735368,0.27270009396087813,26,False,True,33,32,1
GS.3.6,No,,,,,,,X,,X,,,,X,X,,,,,X,,,,X,,X,X,,,,,,"0,80",,"0,76",,,,"0,75","0,72",,,,,"0,75",,,,"0,85",,"0,60","0,74",,,,,,"0,80",,"0,74",,,,"0,75","0,72",,,,,"0,75",,,,"0,84",,"0,60","0,74",,,,,,"0,80",,"0,49",,,,"0,75","0,72",,,,,"0,75",,,,"0,68",,"0,60","0,74",,8.0,"5,97","5,405","5,94","5,53",0.9996189934042823,5.97,8.0,5.405,5.94,5.53,0.9996189934042823,0.27252925600068334,27,False,True,34,33,1
GS.7.5,No,,,X,,,,,X,,,,,,,X,X,,,X,X,,,,,,,,"0,89",,,,,"0,89",,,,,,,"0,66","0,66",,,"0,75","0,61",,,,,,,,"0,89",,,,,"0,89",,,,,,,"0,65","0,65",,,"0,75","0,61",,,,,,,,"0,78",,,,,"0,89",,,,,,,"0,49","0,49",,,"0,75","0,61",,,,,,,,6.0,"4,45","2,800","4,44","4,01",0.9658992988161373,4.45,6.0,2.8,4.44,4.01,0.9658992988161373,0.2571965490732041,28,False,True,35,34,1
GS.4.10,No,,,X,,,,X,,,,,,,,X,X,X,X,,,,,,,,,,"0,89",,,,"0,80",,,,,,,,"0,66","0,66","0,66","0,66",,,,,,,,,,"0,89",,,,"0,80",,,,,,,,"0,65","0,65","0,65","0,65",,,,,,,,,,"0,78",,,,"0,80",,,,,,,,"0,49","0,49","0,49","0,49",,,,,,,,,,6.0,"4,32","1,680","4,30","3,54",0.9658992988161373,4.32,6.0,1.68,4.3,3.54,0.9658992988161373,0.23673870333988212,29,False,True,36,35,1
GS.4.12,No,,,X,,,,X,,,,,,,,X,X,X,X,,,,,,,,,,"0,89",,,,"0,80",,,,,,,,"0,66","0,66","0,66","0,66",,,,,,,,,,"0,89",,,,"0,80",,,,,,,,"0,65","0,65","0,65","0,65",,,,,,,,,,"0,78",,,,"0,80",,,,,,,,"0,49","0,49","0,49","0,49",,,,,,,,,,6.0,"4,32","1,680","4,30","3,54",0.9658992988161373,4.32,6.0,1.68,4.3,3.54,0.9658992988161373,0.23673870333988212,29,False,True,37,36,1
GS.9.6,No,,,,,,,,,,,,,,X,,,,,,X,X,X,X,X,,,,,,,,,,,,,,,"0,72",,,,,,"0,61","0,85","0,85","0,85","0,85",,,,,,,,,,,,,,,"0,72",,,,,,"0,61","0,84","0,84","0,84","0,84",,,,,,,,,,,,,,,"0,72",,,,,,"0,61","0,68","0,68","0,68","0,68",,,,6.0,"4,75","4,749","4,70","4,03",0.9734018184951704,4.75,6.0,4.749,4.7,4.03,0.9734018184951704,0.2283889980353635,30,False,True,38,37,1
L0_iv.10.4; G0.10.1; G0_iii.10.3; G0_iv.10.2; G2.10.1,Yes,Architectural infeasibility,,,,,X,,,,,,,,,,,,,,,X,,X,X,,X,,,,,"0,89",,,,,,,,,,,,,,,"0,85",,"0,85","0,85",,"0,74",,,,,"0,89",,,,,,,,,,,,,,,"0,84",,"0,84","0,84",,"0,74",,,,,"0,78",,,,,,,,,,,,,,,"0,68",,"0,68","0,68",,"0,74",,5.0,"4,19","3,523","4,15","3,54",0.9696574610889763,4.19,5.0,3.523,4.15,3.54,0.9696574610889763,0.21555479627573249,31,True,False,39,37,2
GS.7.6,No,,,X,,X,X,,,,,,,,,,,,,,,,,,,,,,"0,89",,"0,89","0,89",,,,,,,,,,,,,,,,,,,,,,"0,89",,"0,89","0,89",,,,,,,,,,,,,,,,,,,,,,"0,78",,"0,78","0,78",,,,,,,,,,,,,,,,,,,,,,3.0,"2,66","0,665","2,66","2,33",0.7716578830528132,2.66,3.0,0.665,2.66,2.33,0.7716578830528132,0.21444434953446656,32,False,True,40,38,2
GS.4.11,No,,,X,,,,,,,,,,,,X,X,X,X,,,,,,,,,,"0,89",,,,,,,,,,,,"0,66","0,66","0,66","0,66",,,,,,,,,,"0,89",,,,,,,,,,,,"0,65","0,65","0,65","0,65",,,,,,,,,,"0,78",,,,,,,,,,,,"0,49","0,49","0,49","0,49",,,,,,,,,,5.0,"3,52","0,880","3,50","2,74",0.6296640504958547,3.52,5.0,0.88,3.5,2.74,0.6296640504958547,0.1879644657042795,33,False,True,41,39,2
GS.4.15,No,,,,,,,,,X,X,X,X,,,,,,,,,,,,,,,,,,,,,,"0,76","0,76","0,76","0,76",,,,,,,,,,,,,,,,,,,,,,"0,74","0,74","0,74","0,74",,,,,,,,,,,,,,,,,,,,,,"0,49","0,49","0,49","0,49",,,,,,,,,,,,,,,,4.0,"3,04","0,759","2,96","1,97",0.409483369068248,3.04,4.0,0.759,2.96,1.97,0.409483369068248,0.1763688391560605,34,False,True,42,40,2
GS.4.17,No,,,,,,,,,X,X,X,X,,,,,,,,,,,,,,,,,,,,,,"0,76","0,76","0,76","0,76",,,,,,,,,,,,,,,,,,,,,,"0,74","0,74","0,74","0,74",,,,,,,,,,,,,,,,,,,,,,"0,49","0,49","0,49","0,49",,,,,,,,,,,,,,,,4.0,"3,04","0,759","2,96","1,97",0.409483369068248,3.04,4.0,0.759,2.96,1.97,0.409483369068248,0.1763688391560605,34,False,True,43,41,2
GS.4.16,No,,,,,,,,,X,X,X,X,,,,,,,,,,,,,,,,,,,,,,"0,76","0,76","0,76","0,76",,,,,,,,,,,,,,,,,,,,,,"0,74","0,74","0,74","0,74",,,,,,,,,,,,,,,,,,,,,,"0,49","0,49","0,49","0,49",,,,,,,,,,,,,,,,4.0,"3,04","0,759","2,96","1,97",0.409483369068248,3.04,4.0,0.759,2.96,1.97,0.409483369068248,0.1763688391560605,34,False,True,44,42,2
GS.9.8,No,,,,X,X,,,,,,,,,,,,,,,,X,,,,,,,,"0,89","0,89",,,,,,,,,,,,,,,,"0,85",,,,,,,,"0,89","0,89",,,,,,,,,,,,,,,,"0,84",,,,,,,,"0,78","0,78",,,,,,,,,,,,,,,,"0,68",,,,,,,3.0,"2,63","1,298","2,62","2,23",0.5921564854493422,2.63,3.0,1.298,2.62,2.23,0.5921564854493422,0.16603314256427779,35,False,True,45,43,2
GS.10.6,No,,,,,X,,,X,,,,,,,X,,,,,,,,,,,,,,,"0,89",,,"0,89",,,,,,,"0,66",,,,,,,,,,,,,,,"0,89",,,"0,89",,,,,,,"0,65",,,,,,,,,,,,,,,"0,78",,,"0,89",,,,,,,"0,49",,,,,,,,,,,,,3.0,"2,44","1,279","2,43","2,16",0.4108344893557071,2.44,3.0,1.279,2.43,2.16,0.4108344893557071,0.16528572648842574,36,False,True,46,44,2
L0.5.4; L0_iv.5.3,Yes,Responsibility leakage,,X,,,X,,,,,,,,,,,,,,,,,,,,,,"0,89",,,"0,89",,,,,,,,,,,,,,,,,,,,,,"0,89",,,"0,89",,,,,,,,,,,,,,,,,,,,,,"0,78",,,"0,78",,,,,,,,,,,,,,,,,,,,,,2.0,"1,77","0,443","1,77","1,55",0.16864380629073183,1.77,2.0,0.443,1.77,1.55,0.16864380629073183,0.14833005893909626,37,True,False,47,44,3
GS.7.4,No,,,X,,,X,,,,,,,,,,,,,,,,,,,,,,"0,89",,,"0,89",,,,,,,,,,,,,,,,,,,,,,"0,89",,,"0,89",,,,,,,,,,,,,,,,,,,,,,"0,78",,,"0,78",,,,,,,,,,,,,,,,,,,,,,2.0,"1,77","0,443","1,77","1,55",0.16864380629073183,1.77,2.0,0.443,1.77,1.55,0.16864380629073183,0.14833005893909626,37,False,True,48,45,3
GS.5.6,No,,,,,,,,,,X,X,,,,,,,,,,,,X,,X,,,,,,,,,,"0,76","0,76",,,,,,,,,,,,"0,85",,"0,60",,,,,,,,,,"0,74","0,74",,,,,,,,,,,,"0,84",,"0,60",,,,,,,,,,"0,49","0,49",,,,,,,,,,,,"0,68",,"0,60",,,4.0,"2,97","1,834","2,92","2,26",0.5356052492775044,2.97,4.0,1.834,2.92,2.26,0.5356052492775044,0.14730503117792776,38,False,True,49,46,3
L0_iii.2.5; L1.2.1. M0_ii.2.2; M0_iii.2.3,Yes,Scope misalignment,,,,X,,X,,,,,,,,,X,X,,,,,,,,,,,,,"0,89",,"0,80",,,,,,,,,"0,66","0,66",,,,,,,,,,,,,"0,89",,"0,80",,,,,,,,,"0,65","0,65",,,,,,,,,,,,,"0,78",,"0,80",,,,,,,,,"0,49","0,49",,,,,,,,,,,4.0,"3,00","1,351","3,00","2,56",0.7056263705542132,3.0,4.0,1.351,3.0,2.56,0.7056263705542132,0.14542581361578544,39,True,False,50,46,4
L0_ii.2.1; L0_iii.2.2,Yes,Scope misalignment,,,X,X,,,,,,,,,,,,,,,,,,,,,,,,"0,89","0,89",,,,,,,,,,,,,,,,,,,,,,,,"0,89","0,89",,,,,,,,,,,,,,,,,,,,,,,,"0,78","0,78",,,,,,,,,,,,,,,,,,,,,,,2.0,"1,77","0,443","1,77","1,55",0.16864380629073183,1.77,2.0,0.443,1.77,1.55,0.16864380629073183,0.12437003502178184,40,True,False,51,46,5
GS.4.19,No,,,,,,,,,,,,,,,,,,,,,X,,X,X,,,,,,,,,,,,,,,,,,,,,,"0,85",,"0,85","0,85",,,,,,,,,,,,,,,,,,,,,,"0,84",,"0,84","0,84",,,,,,,,,,,,,,,,,,,,,,"0,68",,"0,68","0,68",,,,3.0,"2,56","2,564","2,53","2,03",0.21136277912518223,2.56,3.0,2.564,2.53,2.03,0.21136277912518223,0.12261894592978562,41,False,True,52,47,5
GS.4.18,No,,,,,,,,,,,,X,,X,,,X,,,,,,,,,,,,,,,,,,,,"0,76",,"0,72",,,"0,66",,,,,,,,,,,,,,,,,,,,"0,74",,"0,72",,,"0,65",,,,,,,,,,,,,,,,,,,,"0,49",,"0,72",,,"0,49",,,,,,,,,,,3.0,"2,14","1,078","2,12","1,71",0.07183094612179826,2.14,3.0,1.078,2.12,1.71,0.07183094612179826,0.11450414282053473,42,False,True,53,48,5
L1.3.4; Q1.3.9; Q2.3.5,Yes,Template drift,,,,,,X,,,,,,X,X,,,,,,,,,,,,,,,,,,"0,80",,,,,,"0,75","0,72",,,,,,,,,,,,,,,,,,"0,80",,,,,,"0,75","0,72",,,,,,,,,,,,,,,,,,"0,80",,,,,,"0,75","0,72",,,,,,,,,,,,,,3.0,"2,27","2,274","2,27","2,27",0.2727557856874782,2.27,3.0,2.274,2.27,2.27,0.2727557856874782,0.11300931066883063,43,True,False,54,48,6
GS.2.3,No,,,X,,,,,,,,,,,,,,,X,,,,,,,,,,"0,89",,,,,,,,,,,,,,,"0,66",,,,,,,,,,"0,89",,,,,,,,,,,,,,,"0,65",,,,,,,,,,"0,78",,,,,,,,,,,,,,,"0,49",,,,,,,,,,2.0,"1,54","0,386","1,54","1,27",0.04017590892065364,1.54,2.0,0.386,1.54,1.27,0.04017590892065364,0.11264628000341675,44,False,True,55,49,6
L0_iii.7.8; Q0_iii.7.4,Yes,Template drift,,,,X,,,,,,X,,,,,,,,,,,,,,,,,,,"0,89",,,,,,"0,76",,,,,,,,,,,,,,,,,,,"0,89",,,,,,"0,74",,,,,,,,,,,,,,,,,,,"0,78",,,,,,"0,49",,,,,,,,,,,,,,,,,2.0,"1,65","0,411","1,63","1,27",0.0633010281294985,1.65,2.0,0.411,1.63,1.27,0.0633010281294985,0.10515076449987187,45,True,False,56,49,7
GS.4.6,No,,H.4.6,,,,,,,,X,,X,,,,,,,,,,,,,,,,,,,,,,,"0,76",,"0,76",,,,,,,,,,,,,,,,,,,,,,,"0,74",,"0,74",,,,,,,,,,,,,,,,,,,,,,,"0,49",,"0,49",,,,,,,,,,,,,,,,2.0,"1,52","0,379","1,48","0,98",0.022017562481997714,1.52,2.0,0.379,1.48,0.98,0.022017562481997714,0.10478773383445802,46,False,True,57,50,7
M0.2.1; M0_ii.2.1; M0_iii.2.1,Yes,Scope misalignment,,,,,,,,,,,,,,X,X,X,,,X,,,,,,,,,,,,,,,,,,,,"0,66","0,66","0,66",,,"0,61",,,,,,,,,,,,,,,,,,,,"0,65","0,65","0,65",,,"0,61",,,,,,,,,,,,,,,,,,,,"0,49","0,49","0,49",,,"0,61",,,,,,,,4.0,"2,58","1,100","2,57","2,08",0.09260876473484758,2.58,4.0,1.1,2.57,2.08,0.09260876473484758,0.10162723157085504,47,True,False,58,50,8
Q0_iv.4.4; Q2.4.1,Yes,Scope misalignment,,,,,,,,,,,X,,X,,,,,,,,,,,,,,,,,,,,,,,"0,76",,"0,72",,,,,,,,,,,,,,,,,,,,,,,"0,74",,"0,72",,,,,,,,,,,,,,,,,,,,,,,"0,49",,"0,72",,,,,,,,,,,,,,2.0,"1,48","0,914","1,46","1,22",0.022017562481997714,1.48,2.0,0.914,1.46,1.22,0.022017562481997714,0.09517809857350304,48,True,False,59,50,9
Q0_ii.10.4; Q0_iii.10.3,Yes,Template drift,,,,,,,,,X,X,,,,,,,,,,,,,,,,,,,,,,,,"0,76","0,76",,,,,,,,,,,,,,,,,,,,,,,,"0,74","0,74",,,,,,,,,,,,,,,,,,,,,,,,"0,49","0,49",,,,,,,,,,,,,,,,,2.0,"1,52","0,379","1,48","0,98",0.022017562481997714,1.52,2.0,0.379,1.48,0.98,0.022017562481997714,0.08544033484240199,49,True,False,60,50,10
GS.6.4,No,,,,,,,,,,,,,,,,,,,,,X,,X,,,,,,,,,,,,,,,,,,,,,,,"0,85",,"0,85",,,,,,,,,,,,,,,,,,,,,,,"0,84",,"0,84",,,,,,,,,,,,,,,,,,,,,,,"0,68",,"0,68",,,,,2.0,"1,71","1,709","1,68","1,35",0.03609329819628724,1.71,2.0,1.709,1.68,1.35,0.03609329819628724,0.08257879900913984,50,False,True,61,51,10
GS.4.9,No,,,X,,,,,,,,,,,,,,,,,,,,,,,,,"0,89",,,,,,,,,,,,,,,,,,,,,,,,,"0,89",,,,,,,,,,,,,,,,,,,,,,,,,"0,78",,,,,,,,,,,,,,,,,,,,,,,,,1.0,"0,89","0,222","0,89","0,78",0.0120301607490171,0.89,1.0,0.222,0.89,0.78,0.0120301607490171,0.0820876398735799,51,False,True,62,52,10
GS.10.4,No,,,X,,,,,,,,,,,,,,,,,,,,,,,,,"0,89",,,,,,,,,,,,,,,,,,,,,,,,,"0,89",,,,,,,,,,,,,,,,,,,,,,,,,"0,78",,,,,,,,,,,,,,,,,,,,,,,,,1.0,"0,89","0,222","0,89","0,78",0.0120301607490171,0.89,1.0,0.222,0.89,0.78,0.0120301607490171,0.0820876398735799,51,False,True,63,53,10
L0_iii.7.5; M0_ii.7.4,Yes,Contextual misfit,,,,X,,,,,,,,,,,X,,,,,,,,,,,,,,"0,89",,,,,,,,,,,"0,66",,,,,,,,,,,,,,"0,89",,,,,,,,,,,"0,65",,,,,,,,,,,,,,"0,78",,,,,,,,,,,"0,49",,,,,,,,,,,,2.0,"1,54","0,386","1,54","1,27",0.04017590892065364,1.54,2.0,0.386,1.54,1.27,0.04017590892065364,0.0773255317331511,52,True,False,64,53,11
M0_ii.8.4; M1.8.3; M2.8.4,Yes,Architectural infeasibility,,,,,,,,,,,,,,,X,,,X,X,,,,,,,,,,,,,,,,,,,,,"0,66",,,"0,75","0,61",,,,,,,,,,,,,,,,,,,,,"0,65",,,"0,75","0,61",,,,,,,,,,,,,,,,,,,,,"0,49",,,"0,75","0,61",,,,,,,,3.0,"2,01","1,521","2,01","1,85",0.028833984924454867,2.01,3.0,1.521,2.01,1.85,0.028833984924454867,0.07593747330656872,53,True,False,65,53,12
M0_ii.8.3; M1.8.2; M2.8.3,Yes,Architectural infeasibility,,,,,,,,,,,,,,,X,,,X,X,,,,,,,,,,,,,,,,,,,,,"0,66",,,"0,75","0,61",,,,,,,,,,,,,,,,,,,,,"0,65",,,"0,75","0,61",,,,,,,,,,,,,,,,,,,,,"0,49",,,"0,75","0,61",,,,,,,,3.0,"2,01","1,521","2,01","1,85",0.028833984924454867,2.01,3.0,1.521,2.01,1.85,0.028833984924454867,0.07593747330656872,53,True,False,66,53,13
GS.5.5,No,,,,,,,,,,,,,,,X,,,X,,,,,,,,,,,,,,,,,,,,,,"0,66",,,"0,66",,,,,,,,,,,,,,,,,,,,,,"0,65",,,"0,65",,,,,,,,,,,,,,,,,,,,,,"0,49",,,"0,49",,,,,,,,,,2.0,"1,32","0,329","1,31","0,98",0.008563079142997861,1.32,2.0,0.329,1.31,0.98,0.008563079142997861,0.07533954044588707,54,False,True,67,54,13
L0_iv.10.5,Yes,Template drift,,,,,X,,,,,,,,,,,,,,,,,,,,,,,,,"0,89",,,,,,,,,,,,,,,,,,,,,,,,,"0,89",,,,,,,,,,,,,,,,,,,,,,,,,"0,78",,,,,,,,,,,,,,,,,,,,,,1.0,"0,89","0,222","0,89","0,78",0.0120301607490171,0.89,1.0,0.222,0.89,0.78,0.0120301607490171,0.06624241906551635,55,True,False,68,54,14
GS.7.9,No,,,,,X,,,,,,,,,,,,,,,,,,,,,,,,,"0,89",,,,,,,,,,,,,,,,,,,,,,,,,"0,89",,,,,,,,,,,,,,,,,,,,,,,,,"0,78",,,,,,,,,,,,,,,,,,,,,,,1.0,"0,89","0,222","0,89","0,78",0.0120301607490171,0.89,1.0,0.222,0.89,0.78,0.0120301607490171,0.06611429059537029,56,False,True,69,55,14
L0_iii.7.2,Yes,Contextual misfit,,,,X,,,,,,,,,,,,,,,,,,,,,,,,,"0,89",,,,,,,,,,,,,,,,,,,,,,,,,"0,89",,,,,,,,,,,,,,,,,,,,,,,,,"0,78",,,,,,,,,,,,,,,,,,,,,,,1.0,"0,89","0,222","0,89","0,78",0.0120301607490171,0.89,1.0,0.222,0.89,0.78,0.0120301607490171,0.06611429059537029,56,True,False,70,55,15
L0_iii.8.5,Yes,Template drift,,,,X,,,,,,,,,,,,,,,,,,,,,,,,,"0,89",,,,,,,,,,,,,,,,,,,,,,,,,"0,89",,,,,,,,,,,,,,,,,,,,,,,,,"0,78",,,,,,,,,,,,,,,,,,,,,,,1.0,"0,89","0,222","0,89","0,78",0.0120301607490171,0.89,1.0,0.222,0.89,0.78,0.0120301607490171,0.06611429059537029,56,True,False,71,55,16
GS.2.2,No,,H.2.2,,,X,,,,,,,,,,,,,,,,,,,,,,,,,"0,89",,,,,,,,,,,,,,,,,,,,,,,,,"0,89",,,,,,,,,,,,,,,,,,,,,,,,,"0,78",,,,,,,,,,,,,,,,,,,,,,,1.0,"0,89","0,222","0,89","0,78",0.0120301607490171,0.89,1.0,0.222,0.89,0.78,0.0120301607490171,0.06611429059537029,56,False,True,72,56,16
M1.10.3; M2.10.2,Yes,Architectural infeasibility,,,,,,,,,,,,,,,,,,X,X,,,,,,,,,,,,,,,,,,,,,,,,"0,75","0,61",,,,,,,,,,,,,,,,,,,,,,,,"0,75","0,61",,,,,,,,,,,,,,,,,,,,,,,,"0,75","0,61",,,,,,,,2.0,"1,36","1,356","1,36","1,36",0.008563079142997861,1.36,2.0,1.356,1.36,1.36,0.008563079142997861,0.06472623216878791,57,True,False,73,56,17
M1.10.5; M2.10.4,Yes,Architectural infeasibility,,,,,,,,,,,,,,,,,,X,X,,,,,,,,,,,,,,,,,,,,,,,,"0,75","0,61",,,,,,,,,,,,,,,,,,,,,,,,"0,75","0,61",,,,,,,,,,,,,,,,,,,,,,,,"0,75","0,61",,,,,,,,2.0,"1,36","1,356","1,36","1,36",0.008563079142997861,1.36,2.0,1.356,1.36,1.36,0.008563079142997861,0.06472623216878791,57,True,False,74,56,18
M1.10.4; M2.10.3,Yes,Architectural infeasibility,,,,,,,,,,,,,,,,,,X,X,,,,,,,,,,,,,,,,,,,,,,,,"0,75","0,61",,,,,,,,,,,,,,,,,,,,,,,,"0,75","0,61",,,,,,,,,,,,,,,,,,,,,,,,"0,75","0,61",,,,,,,,2.0,"1,36","1,356","1,36","1,36",0.008563079142997861,1.36,2.0,1.356,1.36,1.36,0.008563079142997861,0.06472623216878791,57,True,False,75,56,19
M0.5.3; M0_iii.5.3,Yes,Architectural infeasibility,,,,,,,,,,,,,,X,,X,,,,,,,,,,,,,,,,,,,,,,,"0,66",,"0,66",,,,,,,,,,,,,,,,,,,,,,,"0,65",,"0,65",,,,,,,,,,,,,,,,,,,,,,,"0,49",,"0,49",,,,,,,,,,,2.0,"1,32","0,329","1,31","0,98",0.008563079142997861,1.32,2.0,0.329,1.31,0.98,0.008563079142997861,0.06410694456308191,58,True,False,76,56,20
M0.2.4; M0_iii.2.5,Yes,Architectural infeasibility,,,,,,,,,,,,,,X,,X,,,,,,,,,,,,,,,,,,,,,,,"0,66",,"0,66",,,,,,,,,,,,,,,,,,,,,,,"0,65",,"0,65",,,,,,,,,,,,,,,,,,,,,,,"0,49",,"0,49",,,,,,,,,,,2.0,"1,32","0,329","1,31","0,98",0.008563079142997861,1.32,2.0,0.329,1.31,0.98,0.008563079142997861,0.06410694456308191,58,True,False,77,56,21
Q0.10.4; Q1.10.4,Yes,Template drift,,,,,,,,X,,,,X,,,,,,,,,,,,,,,,,,,,,"0,76",,,,"0,75",,,,,,,,,,,,,,,,,,,,,"0,74",,,,"0,75",,,,,,,,,,,,,,,,,,,,,"0,49",,,,"0,75",,,,,,,,,,,,,,,2.0,"1,51","0,940","1,49","1,24",0.022017562481997714,1.51,2.0,0.94,1.49,1.24,0.022017562481997714,0.05998547877338345,59,True,False,78,56,22
GS.1.2,No,,H.1.2,,,,,,,,,,P,,,,,,,,,,,,,,,,,,,,,,,,,"0,76",,,,,,,,,,,,,,,,,,,,,,,,,"0,74",,,,,,,,,,,,,,,,,,,,,,,,,"0,49",,,,,,,,,,,,,,,,1.0,"0,76","0,190","0,74","0,49",0.004040145799861532,0.76,1.0,0.19,0.74,0.49,0.004040145799861532,0.05838387289655762,60,False,True,79,57,22
L0_ii.2.3,Yes,Scope misalignment,,,X,,,,,,,,,,,,,,,,,,,,,,,,,"0,89",,,,,,,,,,,,,,,,,,,,,,,,,"0,89",,,,,,,,,,,,,,,,,,,,,,,,,"0,78",,,,,,,,,,,,,,,,,,,,,,,,1.0,"0,89","0,222","0,89","0,78",0.0120301607490171,0.89,1.0,0.222,0.89,0.78,0.0120301607490171,0.05825574442641155,61,True,False,80,57,23
L0_ii.7.2,Yes,Template drift,,,X,,,,,,,,,,,,,,,,,,,,,,,,,"0,89",,,,,,,,,,,,,,,,,,,,,,,,,"0,89",,,,,,,,,,,,,,,,,,,,,,,,,"0,78",,,,,,,,,,,,,,,,,,,,,,,,1.0,"0,89","0,222","0,89","0,78",0.0120301607490171,0.89,1.0,0.222,0.89,0.78,0.0120301607490171,0.05825574442641155,61,True,False,81,57,24
L0_ii.6.2,Yes,Template drift,,,X,,,,,,,,,,,,,,,,,,,,,,,,,"0,89",,,,,,,,,,,,,,,,,,,,,,,,,"0,89",,,,,,,,,,,,,,,,,,,,,,,,,"0,78",,,,,,,,,,,,,,,,,,,,,,,,1.0,"0,89","0,222","0,89","0,78",0.0120301607490171,0.89,1.0,0.222,0.89,0.78,0.0120301607490171,0.05825574442641155,61,True,False,82,57,25
M0.2.2; M0_ii.2.3; M2.2.3,Yes,Architectural infeasibility,,,,,,,,,,,,,,X,X,,,,,,,,,,,,,,,,,,,,,,,,"0,66","0,66",,,,,,,,,,,,,,,,,,,,,,,,"0,65","0,65",,,,,,,,,,,,,,,,,,,,,,,,"0,49","0,49",,,,,,,,,,,,2.0,"1,32","0,329","1,31","0,98",0.008563079142997861,1.32,2.0,0.329,1.31,0.98,0.008563079142997861,0.05599214145383104,62,True,False,83,57,26
GS.5.4,No,,,,,,,,X,,,,,,,,,,,,,,,,,,,,,,,,,"0,89",,,,,,,,,,,,,,,,,,,,,,,,,"0,89",,,,,,,,,,,,,,,,,,,,,,,,,"0,89",,,,,,,,,,,,,,,,,,,,1.0,"0,89","0,893","0,89","0,89",0.0120301607490171,0.89,1.0,0.893,0.89,0.89,0.0120301607490171,0.05439053557700522,63,False,True,84,58,26
L2.3.2,Yes,Template drift,,,,,,,X,,,,,,,,,,,,,,,,,,,,,,,,,"0,89",,,,,,,,,,,,,,,,,,,,,,,,,"0,89",,,,,,,,,,,,,,,,,,,,,,,,,"0,89",,,,,,,,,,,,,,,,,,,,1.0,"0,89","0,893","0,89","0,89",0.0120301607490171,0.89,1.0,0.893,0.89,0.89,0.0120301607490171,0.05439053557700522,63,True,False,85,58,27
L2.1.2,Yes,Scope misalignment,,,,,,,X,,,,,,,,,,,,,,,,,,,,,,,,,"0,89",,,,,,,,,,,,,,,,,,,,,,,,,"0,89",,,,,,,,,,,,,,,,,,,,,,,,,"0,89",,,,,,,,,,,,,,,,,,,,1.0,"0,89","0,893","0,89","0,89",0.0120301607490171,0.89,1.0,0.893,0.89,0.89,0.0120301607490171,0.05439053557700522,63,True,False,86,58,28
GS.9.5,No,,,,,,,,X,,,,,,,,,,,,,,,,,,,,,,,,,"0,89",,,,,,,,,,,,,,,,,,,,,,,,,"0,89",,,,,,,,,,,,,,,,,,,,,,,,,"0,89",,,,,,,,,,,,,,,,,,,,1.0,"0,89","0,893","0,89","0,89",0.0120301607490171,0.89,1.0,0.893,0.89,0.89,0.0120301607490171,0.05439053557700522,63,False,True,87,59,28
GS.4.14,No,,,,,,,,X,,,,,,,,,,,,,,,,,,,,,,,,,"0,89",,,,,,,,,,,,,,,,,,,,,,,,,"0,89",,,,,,,,,,,,,,,,,,,,,,,,,"0,89",,,,,,,,,,,,,,,,,,,,1.0,"0,89","0,893","0,89","0,89",0.0120301607490171,0.89,1.0,0.893,0.89,0.89,0.0120301607490171,0.05439053557700522,63,False,True,88,60,28
GS.10.7,No,,,,,,,,X,,,,,,,,,,,,,,,,,,,,,,,,,"0,89",,,,,,,,,,,,,,,,,,,,,,,,,"0,89",,,,,,,,,,,,,,,,,,,,,,,,,"0,89",,,,,,,,,,,,,,,,,,,,1.0,"0,89","0,893","0,89","0,89",0.0120301607490171,0.89,1.0,0.893,0.89,0.89,0.0120301607490171,0.05439053557700522,63,False,True,89,61,28
L2.10.2,Yes,Template drift,,,,,,,X,,,,,,,,,,,,,,,,,,,,,,,,,"0,89",,,,,,,,,,,,,,,,,,,,,,,,,"0,89",,,,,,,,,,,,,,,,,,,,,,,,,"0,89",,,,,,,,,,,,,,,,,,,,1.0,"0,89","0,893","0,89","0,89",0.0120301607490171,0.89,1.0,0.893,0.89,0.89,0.0120301607490171,0.05439053557700522,63,True,False,90,61,29
Q0_iii.2.4; M0_ii.2.4,Yes,Scope misalignment,,,,,,,,,,X,,,,,X,,,,,,,,,,,,,,,,,,,,"0,76",,,,,"0,66",,,,,,,,,,,,,,,,,,,,"0,74",,,,,"0,65",,,,,,,,,,,,,,,,,,,,"0,49",,,,,"0,49",,,,,,,,,,,,2.0,"1,42","0,354","1,39","0,98",0.01375268075128478,1.42,2.0,0.354,1.39,0.98,0.01375268075128478,0.0502477150422824,64,True,False,91,61,30
M0_ii.8.5; M1.8.4,Yes,Architectural infeasibility,,,,,,,,,,,,,,,X,,,X,,,,,,,,,,,,,,,,,,,,,,"0,66",,,"0,75",,,,,,,,,,,,,,,,,,,,,,"0,65",,,"0,75",,,,,,,,,,,,,,,,,,,,,,"0,49",,,"0,75",,,,,,,,,2.0,"1,41","0,915","1,40","1,24",0.008563079142997861,1.41,2.0,0.915,1.4,1.24,0.008563079142997861,0.04962842743657642,65,True,False,92,61,31
GS.7.8,No,,,,,,,X,,,,,,,,,,,,,,,,,,,,,,,,,"0,80",,,,,,,,,,,,,,,,,,,,,,,,,"0,80",,,,,,,,,,,,,,,,,,,,,,,,,"0,80",,,,,,,,,,,,,,,,,,,,,1.0,"0,80","0,800","0,80","0,80",0.0120301607490171,0.8,1.0,0.8,0.8,0.8,0.0120301607490171,0.04877423763560263,66,False,True,93,62,31
GS.7.7,No,,,,,,,X,,,,,,,,,,,,,,,,,,,,,,,,,"0,80",,,,,,,,,,,,,,,,,,,,,,,,,"0,80",,,,,,,,,,,,,,,,,,,,,,,,,"0,80",,,,,,,,,,,,,,,,,,,,,1.0,"0,80","0,800","0,80","0,80",0.0120301607490171,0.8,1.0,0.8,0.8,0.8,0.0120301607490171,0.04877423763560263,66,False,True,94,63,31
L1.10.2,Yes,Template drift,,,,,,X,,,,,,,,,,,,,,,,,,,,,,,,,"0,80",,,,,,,,,,,,,,,,,,,,,,,,,"0,80",,,,,,,,,,,,,,,,,,,,,,,,,"0,80",,,,,,,,,,,,,,,,,,,,,1.0,"0,80","0,800","0,80","0,80",0.0120301607490171,0.8,1.0,0.8,0.8,0.8,0.0120301607490171,0.04877423763560263,66,True,False,95,63,32
L1.1.3,Yes,Scope misalignment,,,,,,X,,,,,,,,,,,,,,,,,,,,,,,,,"0,80",,,,,,,,,,,,,,,,,,,,,,,,,"0,80",,,,,,,,,,,,,,,,,,,,,,,,,"0,80",,,,,,,,,,,,,,,,,,,,,1.0,"0,80","0,800","0,80","0,80",0.0120301607490171,0.8,1.0,0.8,0.8,0.8,0.0120301607490171,0.04877423763560263,66,True,False,96,63,33
G1.3.5; G2.3.5,Yes,Template drift,,,,,,,,,,,,,,,,,,,,,,,,X,X,,,,,,,,,,,,,,,,,,,,,,,,"0,60","0,74",,,,,,,,,,,,,,,,,,,,,,,,"0,60","0,74",,,,,,,,,,,,,,,,,,,,,,,,"0,60","0,74",,2.0,"1,34","1,337","1,34","1,34",0.03609329819628724,1.34,2.0,1.337,1.34,1.34,0.03609329819628724,0.04764243614931238,67,True,False,97,63,34
Q0_ii.9.4,Yes,Template drift,,,,,,,,,X,,,,,,,,,,,,,,,,,,,,,,,,,"0,76",,,,,,,,,,,,,,,,,,,,,,,,,"0,74",,,,,,,,,,,,,,,,,,,,,,,,,"0,49",,,,,,,,,,,,,,,,,,1.0,"0,76","0,190","0,74","0,49",0.004040145799861532,0.76,1.0,0.19,0.74,0.49,0.004040145799861532,0.0464038609379004,68,True,False,98,63,35
Q0_ii.3.3,Yes,Contextual misfit,,,,,,,,,X,,,,,,,,,,,,,,,,,,,,,,,,,"0,76",,,,,,,,,,,,,,,,,,,,,,,,,"0,74",,,,,,,,,,,,,,,,,,,,,,,,,"0,49",,,,,,,,,,,,,,,,,,1.0,"0,76","0,190","0,74","0,49",0.004040145799861532,0.76,1.0,0.19,0.74,0.49,0.004040145799861532,0.0464038609379004,68,True,False,99,63,36
Q0_ii.4.2,Yes,Template drift,,,,,,,,,X,,,,,,,,,,,,,,,,,,,,,,,,,"0,76",,,,,,,,,,,,,,,,,,,,,,,,,"0,74",,,,,,,,,,,,,,,,,,,,,,,,,"0,49",,,,,,,,,,,,,,,,,,1.0,"0,76","0,190","0,74","0,49",0.004040145799861532,0.76,1.0,0.19,0.74,0.49,0.004040145799861532,0.0464038609379004,68,True,False,100,63,37
GS.6.3,No,,,,,,,,,,,,,,,X,,,,,,,,,,,,,,,,,,,,,,,,,"0,66",,,,,,,,,,,,,,,,,,,,,,,,,"0,65",,,,,,,,,,,,,,,,,,,,,,,,,"0,49",,,,,,,,,,,,,1.0,"0,66","0,165","0,65","0,49",0.0025062749979787185,0.66,1.0,0.165,0.65,0.49,0.0025062749979787185,0.044780900316050226,69,False,True,101,64,37
GS.10.9,No,,,,,,,,,,,,,,,X,,,,,,,,,,,,,,,,,,,,,,,,,"0,66",,,,,,,,,,,,,,,,,,,,,,,,,"0,65",,,,,,,,,,,,,,,,,,,,,,,,,"0,49",,,,,,,,,,,,,1.0,"0,66","0,165","0,65","0,49",0.0025062749979787185,0.66,1.0,0.165,0.65,0.49,0.0025062749979787185,0.044780900316050226,69,False,True,102,65,37
M0.2.3,Yes,Architectural infeasibility,,,,,,,,,,,,,,X,,,,,,,,,,,,,,,,,,,,,,,,,"0,66",,,,,,,,,,,,,,,,,,,,,,,,,"0,65",,,,,,,,,,,,,,,,,,,,,,,,,"0,49",,,,,,,,,,,,,1.0,"0,66","0,165","0,65","0,49",0.0025062749979787185,0.66,1.0,0.165,0.65,0.49,0.0025062749979787185,0.044780900316050226,69,True,False,103,65,38
GS.10.10,No,,,,,,,,,,,,,,,X,,,,,,,,,,,,,,,,,,,,,,,,,"0,66",,,,,,,,,,,,,,,,,,,,,,,,,"0,65",,,,,,,,,,,,,,,,,,,,,,,,,"0,49",,,,,,,,,,,,,1.0,"0,66","0,165","0,65","0,49",0.0025062749979787185,0.66,1.0,0.165,0.65,0.49,0.0025062749979787185,0.044780900316050226,69,False,True,104,66,38
M0.3.4,Yes,Template drift,,,,,,,,,,,,,,X,,,,,,,,,,,,,,,,,,,,,,,,,"0,66",,,,,,,,,,,,,,,,,,,,,,,,,"0,65",,,,,,,,,,,,,,,,,,,,,,,,,"0,49",,,,,,,,,,,,,1.0,"0,66","0,165","0,65","0,49",0.0025062749979787185,0.66,1.0,0.165,0.65,0.49,0.0025062749979787185,0.044780900316050226,69,True,False,105,66,39
M0_ii.3.2; M0_iv.3.2,Yes,Scope misalignment,,,,,,,,,,,,,,,X,,X,,,,,,,,,,,,,,,,,,,,,,,"0,66",,"0,66",,,,,,,,,,,,,,,,,,,,,,,"0,65",,"0,65",,,,,,,,,,,,,,,,,,,,,,,"0,49",,"0,49",,,,,,,,,,2.0,"1,32","0,329","1,31","0,98",0.008563079142997861,1.32,2.0,0.329,1.31,0.98,0.008563079142997861,0.041769881267617666,70,True,False,106,66,40
M0_ii.3.3; M0_iv.3.3,Yes,Scope misalignment,,,,,,,,,,,,,,,X,,X,,,,,,,,,,,,,,,,,,,,,,,"0,66",,"0,66",,,,,,,,,,,,,,,,,,,,,,,"0,65",,"0,65",,,,,,,,,,,,,,,,,,,,,,,"0,49",,"0,49",,,,,,,,,,2.0,"1,32","0,329","1,31","0,98",0.008563079142997861,1.32,2.0,0.329,1.31,0.98,0.008563079142997861,0.041769881267617666,70,True,False,107,66,41
G0.6.3,Yes,Template drift,,,,,,,,,,,,,,,,,,,,X,,,,,,,,,,,,,,,,,,,,,,,,,"0,85",,,,,,,,,,,,,,,,,,,,,,,,,"0,84",,,,,,,,,,,,,,,,,,,,,,,,,"0,68",,,,,,,1.0,"0,85","0,855","0,84","0,68",0.005204341428479724,0.85,1.0,0.855,0.84,0.68,0.005204341428479724,0.04166310754249595,71,True,False,108,66,42
G0.4.1,Yes,Template drift,,,,,,,,,,,,,,,,,,,,X,,,,,,,,,,,,,,,,,,,,,,,,,"0,85",,,,,,,,,,,,,,,,,,,,,,,,,"0,84",,,,,,,,,,,,,,,,,,,,,,,,,"0,68",,,,,,,1.0,"0,85","0,855","0,84","0,68",0.005204341428479724,0.85,1.0,0.855,0.84,0.68,0.005204341428479724,0.04166310754249595,71,True,False,109,66,43
G0.4.2,Yes,Template drift,,,,,,,,,,,,,,,,,,,,X,,,,,,,,,,,,,,,,,,,,,,,,,"0,85",,,,,,,,,,,,,,,,,,,,,,,,,"0,84",,,,,,,,,,,,,,,,,,,,,,,,,"0,68",,,,,,,1.0,"0,85","0,855","0,84","0,68",0.005204341428479724,0.85,1.0,0.855,0.84,0.68,0.005204341428479724,0.04166310754249595,71,True,False,110,66,44
G0.2.2,Yes,Template drift,,,,,,,,,,,,,,,,,,,,X,,,,,,,,,,,,,,,,,,,,,,,,,"0,85",,,,,,,,,,,,,,,,,,,,,,,,,"0,84",,,,,,,,,,,,,,,,,,,,,,,,,"0,68",,,,,,,1.0,"0,85","0,855","0,84","0,68",0.005204341428479724,0.85,1.0,0.855,0.84,0.68,0.005204341428479724,0.04166310754249595,71,True,False,111,66,45
G0_iii.2.3,Yes,Architectural infeasibility,,,,,,,,,,,,,,,,,,,,,,X,,,,,,,,,,,,,,,,,,,,,,,,,"0,85",,,,,,,,,,,,,,,,,,,,,,,,,"0,84",,,,,,,,,,,,,,,,,,,,,,,,,"0,68",,,,,1.0,"0,85","0,855","0,84","0,68",0.005204341428479724,0.85,1.0,0.855,0.84,0.68,0.005204341428479724,0.04091569146664389,72,True,False,112,66,46
G0_iii.3.2,Yes,Template drift,,,,,,,,,,,,,,,,,,,,,,X,,,,,,,,,,,,,,,,,,,,,,,,,"0,85",,,,,,,,,,,,,,,,,,,,,,,,,"0,84",,,,,,,,,,,,,,,,,,,,,,,,,"0,68",,,,,1.0,"0,85","0,855","0,84","0,68",0.005204341428479724,0.85,1.0,0.855,0.84,0.68,0.005204341428479724,0.04091569146664389,72,True,False,113,66,47
G0_iii.10.1,Yes,Template drift,,,,,,,,,,,,,,,,,,,,,,X,,,,,,,,,,,,,,,,,,,,,,,,,"0,85",,,,,,,,,,,,,,,,,,,,,,,,,"0,84",,,,,,,,,,,,,,,,,,,,,,,,,"0,68",,,,,1.0,"0,85","0,855","0,84","0,68",0.005204341428479724,0.85,1.0,0.855,0.84,0.68,0.005204341428479724,0.04091569146664389,72,True,False,114,66,48
G0_iv.3.3,Yes,Template drift,,,,,,,,,,,,,,,,,,,,,,,X,,,,,,,,,,,,,,,,,,,,,,,,,"0,85",,,,,,,,,,,,,,,,,,,,,,,,,"0,84",,,,,,,,,,,,,,,,,,,,,,,,,"0,68",,,,1.0,"0,85","0,855","0,84","0,68",0.005204341428479724,0.85,1.0,0.855,0.84,0.68,0.005204341428479724,0.040040146920645774,73,True,False,115,66,49
G0_iv.5.1,Yes,Template drift,,,,,,,,,,,,,,,,,,,,,,,X,,,,,,,,,,,,,,,,,,,,,,,,,"0,85",,,,,,,,,,,,,,,,,,,,,,,,,"0,84",,,,,,,,,,,,,,,,,,,,,,,,,"0,68",,,,1.0,"0,85","0,855","0,84","0,68",0.005204341428479724,0.85,1.0,0.855,0.84,0.68,0.005204341428479724,0.040040146920645774,73,True,False,116,66,50
G0_iv.5.2,Yes,Template drift,,,,,,,,,,,,,,,,,,,,,,,X,,,,,,,,,,,,,,,,,,,,,,,,,"0,85",,,,,,,,,,,,,,,,,,,,,,,,,"0,84",,,,,,,,,,,,,,,,,,,,,,,,,"0,68",,,,1.0,"0,85","0,855","0,84","0,68",0.005204341428479724,0.85,1.0,0.855,0.84,0.68,0.005204341428479724,0.040040146920645774,73,True,False,117,66,51
G0_iv.4.2,Yes,Template drift,,,,,,,,,,,,,,,,,,,,,,,X,,,,,,,,,,,,,,,,,,,,,,,,,"0,85",,,,,,,,,,,,,,,,,,,,,,,,,"0,84",,,,,,,,,,,,,,,,,,,,,,,,,"0,68",,,,1.0,"0,85","0,855","0,84","0,68",0.005204341428479724,0.85,1.0,0.855,0.84,0.68,0.005204341428479724,0.040040146920645774,73,True,False,118,66,52
G0_iv.10.4,Yes,Architectural infeasibility,,,,,,,,,,,,,,,,,,,,,,,X,,,,,,,,,,,,,,,,,,,,,,,,,"0,85",,,,,,,,,,,,,,,,,,,,,,,,,"0,84",,,,,,,,,,,,,,,,,,,,,,,,,"0,68",,,,1.0,"0,85","0,855","0,84","0,68",0.005204341428479724,0.85,1.0,0.855,0.84,0.68,0.005204341428479724,0.040040146920645774,73,True,False,119,66,53
Q0_iii.10.2,Yes,Contextual misfit,,,,,,,,,,X,,,,,,,,,,,,,,,,,,,,,,,,,"0,76",,,,,,,,,,,,,,,,,,,,,,,,,"0,74",,,,,,,,,,,,,,,,,,,,,,,,,"0,49",,,,,,,,,,,,,,,,,1.0,"0,76","0,190","0,74","0,49",0.004040145799861532,0.76,1.0,0.19,0.74,0.49,0.004040145799861532,0.03903647390450158,74,True,False,120,66,54
Q0_iii.4.3,Yes,Scope misalignment,,,,,,,,,,X,,,,,,,,,,,,,,,,,,,,,,,,,"0,76",,,,,,,,,,,,,,,,,,,,,,,,,"0,74",,,,,,,,,,,,,,,,,,,,,,,,,"0,49",,,,,,,,,,,,,,,,,1.0,"0,76","0,190","0,74","0,49",0.004040145799861532,0.76,1.0,0.19,0.74,0.49,0.004040145799861532,0.03903647390450158,74,True,False,121,66,55
Q0_iii.3.5,Yes,Contextual misfit,,,,,,,,,,X,,,,,,,,,,,,,,,,,,,,,,,,,"0,76",,,,,,,,,,,,,,,,,,,,,,,,,"0,74",,,,,,,,,,,,,,,,,,,,,,,,,"0,49",,,,,,,,,,,,,,,,,1.0,"0,76","0,190","0,74","0,49",0.004040145799861532,0.76,1.0,0.19,0.74,0.49,0.004040145799861532,0.03903647390450158,74,True,False,122,66,56
Q0_iii.4.4,Yes,Contextual misfit,,,,,,,,,,X,,,,,,,,,,,,,,,,,,,,,,,,,"0,76",,,,,,,,,,,,,,,,,,,,,,,,,"0,74",,,,,,,,,,,,,,,,,,,,,,,,,"0,49",,,,,,,,,,,,,,,,,1.0,"0,76","0,190","0,74","0,49",0.004040145799861532,0.76,1.0,0.19,0.74,0.49,0.004040145799861532,0.03903647390450158,74,True,False,123,66,57
Q0_iii.7.2,Yes,Contextual misfit,,,,,,,,,,X,,,,,,,,,,,,,,,,,,,,,,,,,"0,76",,,,,,,,,,,,,,,,,,,,,,,,,"0,74",,,,,,,,,,,,,,,,,,,,,,,,,"0,49",,,,,,,,,,,,,,,,,1.0,"0,76","0,190","0,74","0,49",0.004040145799861532,0.76,1.0,0.19,0.74,0.49,0.004040145799861532,0.03903647390450158,74,True,False,124,66,58
Q0_iii.3.6,Yes,Architectural infeasibility,,,,,,,,,,X,,,,,,,,,,,,,,,,,,,,,,,,,"0,76",,,,,,,,,,,,,,,,,,,,,,,,,"0,74",,,,,,,,,,,,,,,,,,,,,,,,,"0,49",,,,,,,,,,,,,,,,,1.0,"0,76","0,190","0,74","0,49",0.004040145799861532,0.76,1.0,0.19,0.74,0.49,0.004040145799861532,0.03903647390450158,74,True,False,125,66,59
Q0_iii.3.4,Yes,Template drift,,,,,,,,,,X,,,,,,,,,,,,,,,,,,,,,,,,,"0,76",,,,,,,,,,,,,,,,,,,,,,,,,"0,74",,,,,,,,,,,,,,,,,,,,,,,,,"0,49",,,,,,,,,,,,,,,,,1.0,"0,76","0,190","0,74","0,49",0.004040145799861532,0.76,1.0,0.19,0.74,0.49,0.004040145799861532,0.03903647390450158,74,True,False,126,66,60
M1.10.2,Yes,Architectural infeasibility,,,,,,,,,,,,,,,,,,X,,,,,,,,,,,,,,,,,,,,,,,,,"0,75",,,,,,,,,,,,,,,,,,,,,,,,,"0,75",,,,,,,,,,,,,,,,,,,,,,,,,"0,75",,,,,,,,,1.0,"0,75","0,750","0,75","0,75",0.0025062749979787185,0.75,1.0,0.75,0.75,0.75,0.0025062749979787185,0.0384171862987956,75,True,False,127,66,61
GS.3.8,No,,,,,,,,,,,,,,,,,,,X,,,,,,,,,,,,,,,,,,,,,,,,,"0,75",,,,,,,,,,,,,,,,,,,,,,,,,"0,75",,,,,,,,,,,,,,,,,,,,,,,,,"0,75",,,,,,,,,1.0,"0,75","0,750","0,75","0,75",0.0025062749979787185,0.75,1.0,0.75,0.75,0.75,0.0025062749979787185,0.0384171862987956,75,False,True,128,67,61
Q2.9.2,Yes,Architectural infeasibility,,,,,,,,,,,,,X,,,,,,,,,,,,,,,,,,,,,,,,,"0,72",,,,,,,,,,,,,,,,,,,,,,,,,"0,72",,,,,,,,,,,,,,,,,,,,,,,,,"0,72",,,,,,,,,,,,,,1.0,"0,72","0,724","0,72","0,72",0.004040145799861532,0.72,1.0,0.724,0.72,0.72,0.004040145799861532,0.03679422567694542,76,True,False,129,67,62
Q2.4.2,Yes,Scope misalignment,,,,,,,,,,,,,X,,,,,,,,,,,,,,,,,,,,,,,,,"0,72",,,,,,,,,,,,,,,,,,,,,,,,,"0,72",,,,,,,,,,,,,,,,,,,,,,,,,"0,72",,,,,,,,,,,,,,1.0,"0,72","0,724","0,72","0,72",0.004040145799861532,0.72,1.0,0.724,0.72,0.72,0.004040145799861532,0.03679422567694542,76,True,False,130,67,63
Q2.9.6,Yes,Architectural infeasibility,,,,,,,,,,,,,X,,,,,,,,,,,,,,,,,,,,,,,,,"0,72",,,,,,,,,,,,,,,,,,,,,,,,,"0,72",,,,,,,,,,,,,,,,,,,,,,,,,"0,72",,,,,,,,,,,,,,1.0,"0,72","0,724","0,72","0,72",0.004040145799861532,0.72,1.0,0.724,0.72,0.72,0.004040145799861532,0.03679422567694542,76,True,False,131,67,64
GS.10.8,No,,,,,,,,,,,,,,X,,,,,,,,,,,,,,,,,,,,,,,,,"0,72",,,,,,,,,,,,,,,,,,,,,,,,,"0,72",,,,,,,,,,,,,,,,,,,,,,,,,"0,72",,,,,,,,,,,,,,1.0,"0,72","0,724","0,72","0,72",0.004040145799861532,0.72,1.0,0.724,0.72,0.72,0.004040145799861532,0.03679422567694542,76,False,True,132,68,64
Q2.10.4,Yes,Template drift,,,,,,,,,,,,,X,,,,,,,,,,,,,,,,,,,,,,,,,"0,72",,,,,,,,,,,,,,,,,,,,,,,,,"0,72",,,,,,,,,,,,,,,,,,,,,,,,,"0,72",,,,,,,,,,,,,,1.0,"0,72","0,724","0,72","0,72",0.004040145799861532,0.72,1.0,0.724,0.72,0.72,0.004040145799861532,0.03679422567694542,76,True,False,133,68,65
Q2.10.5,Yes,Template drift,,,,,,,,,,,,,X,,,,,,,,,,,,,,,,,,,,,,,,,"0,72",,,,,,,,,,,,,,,,,,,,,,,,,"0,72",,,,,,,,,,,,,,,,,,,,,,,,,"0,72",,,,,,,,,,,,,,1.0,"0,72","0,724","0,72","0,72",0.004040145799861532,0.72,1.0,0.724,0.72,0.72,0.004040145799861532,0.03679422567694542,76,True,False,134,68,66
GS.9.7,No,,,,,,,,,,,,,,X,,,,,,,,,,,,,,,,,,,,,,,,,"0,72",,,,,,,,,,,,,,,,,,,,,,,,,"0,72",,,,,,,,,,,,,,,,,,,,,,,,,"0,72",,,,,,,,,,,,,,1.0,"0,72","0,724","0,72","0,72",0.004040145799861532,0.72,1.0,0.724,0.72,0.72,0.004040145799861532,0.03679422567694542,76,False,True,135,69,66
Q0.4.7,Yes,Contextual misfit,,,,,,,,X,,,,,,,,,,,,,,,,,,,,,,,,,"0,76",,,,,,,,,,,,,,,,,,,,,,,,,"0,74",,,,,,,,,,,,,,,,,,,,,,,,,"0,49",,,,,,,,,,,,,,,,,,,1.0,"0,76","0,190","0,74","0,49",0.004040145799861532,0.76,1.0,0.19,0.74,0.49,0.004040145799861532,0.03254463141710088,77,True,False,136,69,67
Q0.4.12,Yes,Template drift,,,,,,,,X,,,,,,,,,,,,,,,,,,,,,,,,,"0,76",,,,,,,,,,,,,,,,,,,,,,,,,"0,74",,,,,,,,,,,,,,,,,,,,,,,,,"0,49",,,,,,,,,,,,,,,,,,,1.0,"0,76","0,190","0,74","0,49",0.004040145799861532,0.76,1.0,0.19,0.74,0.49,0.004040145799861532,0.03254463141710088,77,True,False,137,69,68
Q0.4.11,Yes,Template drift,,,,,,,,X,,,,,,,,,,,,,,,,,,,,,,,,,"0,76",,,,,,,,,,,,,,,,,,,,,,,,,"0,74",,,,,,,,,,,,,,,,,,,,,,,,,"0,49",,,,,,,,,,,,,,,,,,,1.0,"0,76","0,190","0,74","0,49",0.004040145799861532,0.76,1.0,0.19,0.74,0.49,0.004040145799861532,0.03254463141710088,77,True,False,138,69,69
Q0.9.4,Yes,Template drift,,,,,,,,X,,,,,,,,,,,,,,,,,,,,,,,,,"0,76",,,,,,,,,,,,,,,,,,,,,,,,,"0,74",,,,,,,,,,,,,,,,,,,,,,,,,"0,49",,,,,,,,,,,,,,,,,,,1.0,"0,76","0,190","0,74","0,49",0.004040145799861532,0.76,1.0,0.19,0.74,0.49,0.004040145799861532,0.03254463141710088,77,True,False,139,69,70
Q0.3.9,Yes,Template drift,,,,,,,,X,,,,,,,,,,,,,,,,,,,,,,,,,"0,76",,,,,,,,,,,,,,,,,,,,,,,,,"0,74",,,,,,,,,,,,,,,,,,,,,,,,,"0,49",,,,,,,,,,,,,,,,,,,1.0,"0,76","0,190","0,74","0,49",0.004040145799861532,0.76,1.0,0.19,0.74,0.49,0.004040145799861532,0.03254463141710088,77,True,False,140,69,71
Q0.4.2,Yes,Template drift,,,,,,,,X,,,,,,,,,,,,,,,,,,,,,,,,,"0,76",,,,,,,,,,,,,,,,,,,,,,,,,"0,74",,,,,,,,,,,,,,,,,,,,,,,,,"0,49",,,,,,,,,,,,,,,,,,,1.0,"0,76","0,190","0,74","0,49",0.004040145799861532,0.76,1.0,0.19,0.74,0.49,0.004040145799861532,0.03254463141710088,77,True,False,141,69,72
Q0.3.8,Yes,Template drift,,,,,,,,X,,,,,,,,,,,,,,,,,,,,,,,,,"0,76",,,,,,,,,,,,,,,,,,,,,,,,,"0,74",,,,,,,,,,,,,,,,,,,,,,,,,"0,49",,,,,,,,,,,,,,,,,,,1.0,"0,76","0,190","0,74","0,49",0.004040145799861532,0.76,1.0,0.19,0.74,0.49,0.004040145799861532,0.03254463141710088,77,True,False,142,69,73
Q0.10.6,Yes,Template drift,,,,,,,,X,,,,,,,,,,,,,,,,,,,,,,,,,"0,76",,,,,,,,,,,,,,,,,,,,,,,,,"0,74",,,,,,,,,,,,,,,,,,,,,,,,,"0,49",,,,,,,,,,,,,,,,,,,1.0,"0,76","0,190","0,74","0,49",0.004040145799861532,0.76,1.0,0.19,0.74,0.49,0.004040145799861532,0.03254463141710088,77,True,False,143,69,74
Q0.10.2,Yes,Template drift,,,,,,,,X,,,,,,,,,,,,,,,,,,,,,,,,,"0,76",,,,,,,,,,,,,,,,,,,,,,,,,"0,74",,,,,,,,,,,,,,,,,,,,,,,,,"0,49",,,,,,,,,,,,,,,,,,,1.0,"0,76","0,190","0,74","0,49",0.004040145799861532,0.76,1.0,0.19,0.74,0.49,0.004040145799861532,0.03254463141710088,77,True,False,144,69,75
Q0.10.5,Yes,Template drift,,,,,,,,X,,,,,,,,,,,,,,,,,,,,,,,,,"0,76",,,,,,,,,,,,,,,,,,,,,,,,,"0,74",,,,,,,,,,,,,,,,,,,,,,,,,"0,49",,,,,,,,,,,,,,,,,,,1.0,"0,76","0,190","0,74","0,49",0.004040145799861532,0.76,1.0,0.19,0.74,0.49,0.004040145799861532,0.03254463141710088,77,True,False,145,69,76
Q0.10.7,Yes,Template drift,,,,,,,,X,,,,,,,,,,,,,,,,,,,,,,,,,"0,76",,,,,,,,,,,,,,,,,,,,,,,,,"0,74",,,,,,,,,,,,,,,,,,,,,,,,,"0,49",,,,,,,,,,,,,,,,,,,1.0,"0,76","0,190","0,74","0,49",0.004040145799861532,0.76,1.0,0.19,0.74,0.49,0.004040145799861532,0.03254463141710088,77,True,False,146,69,77
Q0.3.7,Yes,Contextual misfit,,,,,,,,X,,,,,,,,,,,,,,,,,,,,,,,,,"0,76",,,,,,,,,,,,,,,,,,,,,,,,,"0,74",,,,,,,,,,,,,,,,,,,,,,,,,"0,49",,,,,,,,,,,,,,,,,,,1.0,"0,76","0,190","0,74","0,49",0.004040145799861532,0.76,1.0,0.19,0.74,0.49,0.004040145799861532,0.03254463141710088,77,True,False,147,69,78
Q0.10.3,Yes,Template drift,,,,,,,,X,,,,,,,,,,,,,,,,,,,,,,,,,"0,76",,,,,,,,,,,,,,,,,,,,,,,,,"0,74",,,,,,,,,,,,,,,,,,,,,,,,,"0,49",,,,,,,,,,,,,,,,,,,1.0,"0,76","0,190","0,74","0,49",0.004040145799861532,0.76,1.0,0.19,0.74,0.49,0.004040145799861532,0.03254463141710088,77,True,False,148,69,79
Q0.3.2,Yes,Contextual misfit,,,,,,,,X,,,,,,,,,,,,,,,,,,,,,,,,,"0,76",,,,,,,,,,,,,,,,,,,,,,,,,"0,74",,,,,,,,,,,,,,,,,,,,,,,,,"0,49",,,,,,,,,,,,,,,,,,,1.0,"0,76","0,190","0,74","0,49",0.004040145799861532,0.76,1.0,0.19,0.74,0.49,0.004040145799861532,0.03254463141710088,77,True,False,149,69,80
M0_iv.8.1,Yes,Architectural infeasibility,,,,,,,,,,,,,,,,,X,,,,,,,,,,,,,,,,,,,,,,,,,"0,66",,,,,,,,,,,,,,,,,,,,,,,,,"0,65",,,,,,,,,,,,,,,,,,,,,,,,,"0,49",,,,,,,,,,1.0,"0,66","0,165","0,65","0,49",0.0025062749979787185,0.66,1.0,0.165,0.65,0.49,0.0025062749979787185,0.03055864012983685,78,True,False,150,69,81
M0_iv.7.5,Yes,Contextual misfit,,,,,,,,,,,,,,,,,X,,,,,,,,,,,,,,,,,,,,,,,,,"0,66",,,,,,,,,,,,,,,,,,,,,,,,,"0,65",,,,,,,,,,,,,,,,,,,,,,,,,"0,49",,,,,,,,,,1.0,"0,66","0,165","0,65","0,49",0.0025062749979787185,0.66,1.0,0.165,0.65,0.49,0.0025062749979787185,0.03055864012983685,78,True,False,151,69,82
M0_iv.8.2,Yes,Architectural infeasibility,,,,,,,,,,,,,,,,,X,,,,,,,,,,,,,,,,,,,,,,,,,"0,66",,,,,,,,,,,,,,,,,,,,,,,,,"0,65",,,,,,,,,,,,,,,,,,,,,,,,,"0,49",,,,,,,,,,1.0,"0,66","0,165","0,65","0,49",0.0025062749979787185,0.66,1.0,0.165,0.65,0.49,0.0025062749979787185,0.03055864012983685,78,True,False,152,69,83
M0_iv.7.3,Yes,Contextual misfit,,,,,,,,,,,,,,,,,X,,,,,,,,,,,,,,,,,,,,,,,,,"0,66",,,,,,,,,,,,,,,,,,,,,,,,,"0,65",,,,,,,,,,,,,,,,,,,,,,,,,"0,49",,,,,,,,,,1.0,"0,66","0,165","0,65","0,49",0.0025062749979787185,0.66,1.0,0.165,0.65,0.49,0.0025062749979787185,0.03055864012983685,78,True,False,153,69,84
M0_ii.8.2; M0_iii.8.1,Yes,Architectural infeasibility,,,,,,,,,,,,,,,X,X,,,,,,,,,,,,,,,,,,,,,,,,"0,66","0,66",,,,,,,,,,,,,,,,,,,,,,,,"0,65","0,65",,,,,,,,,,,,,,,,,,,,,,,,"0,49","0,49",,,,,,,,,,,2.0,"1,32","0,329","1,31","0,98",0.008563079142997861,1.32,2.0,0.329,1.31,0.98,0.008563079142997861,0.030537285384812506,79,True,False,154,69,85
Q1.10.3,Yes,Template drift,,,,,,,,,,,,X,,,,,,,,,,,,,,,,,,,,,,,,,"0,75",,,,,,,,,,,,,,,,,,,,,,,,,"0,75",,,,,,,,,,,,,,,,,,,,,,,,,"0,75",,,,,,,,,,,,,,,1.0,"0,75","0,750","0,75","0,75",0.004040145799861532,0.75,1.0,0.75,0.75,0.75,0.004040145799861532,0.02744084735628257,80,True,False,155,69,86
Q1.3.6,Yes,Scope misalignment,,,,,,,,,,,,X,,,,,,,,,,,,,,,,,,,,,,,,,"0,75",,,,,,,,,,,,,,,,,,,,,,,,,"0,75",,,,,,,,,,,,,,,,,,,,,,,,,"0,75",,,,,,,,,,,,,,,1.0,"0,75","0,750","0,75","0,75",0.004040145799861532,0.75,1.0,0.75,0.75,0.75,0.004040145799861532,0.02744084735628257,80,True,False,156,69,87
G2.9.4,Yes,Architectural infeasibility,,,,,,,,,,,,,,,,,,,,,,,,,X,,,,,,,,,,,,,,,,,,,,,,,,,"0,74",,,,,,,,,,,,,,,,,,,,,,,,,"0,74",,,,,,,,,,,,,,,,,,,,,,,,,"0,74",,1.0,"0,74","0,737","0,74","0,74",0.005204341428479724,0.74,1.0,0.737,0.74,0.74,0.005204341428479724,0.026693431280430512,81,True,False,157,69,88
G2.10.2,Yes,Architectural infeasibility,,,,,,,,,,,,,,,,,,,,,,,,,X,,,,,,,,,,,,,,,,,,,,,,,,,"0,74",,,,,,,,,,,,,,,,,,,,,,,,,"0,74",,,,,,,,,,,,,,,,,,,,,,,,,"0,74",,1.0,"0,74","0,737","0,74","0,74",0.005204341428479724,0.74,1.0,0.737,0.74,0.74,0.005204341428479724,0.026693431280430512,81,True,False,158,69,89
M2.8.2,Yes,Architectural infeasibility,,,,,,,,,,,,,,,,,,,X,,,,,,,,,,,,,,,,,,,,,,,,,"0,61",,,,,,,,,,,,,,,,,,,,,,,,,"0,61",,,,,,,,,,,,,,,,,,,,,,,,,"0,61",,,,,,,,1.0,"0,61","0,606","0,61","0,61",0.0025062749979787185,0.61,1.0,0.606,0.61,0.61,0.0025062749979787185,0.02630904586999231,82,True,False,159,69,90
M2.2.4,Yes,Architectural infeasibility,,,,,,,,,,,,,,,,,,,X,,,,,,,,,,,,,,,,,,,,,,,,,"0,61",,,,,,,,,,,,,,,,,,,,,,,,,"0,61",,,,,,,,,,,,,,,,,,,,,,,,,"0,61",,,,,,,,1.0,"0,61","0,606","0,61","0,61",0.0025062749979787185,0.61,1.0,0.606,0.61,0.61,0.0025062749979787185,0.02630904586999231,82,True,False,160,69,91
M2.2.5,Yes,Architectural infeasibility,,,,,,,,,,,,,,,,,,,X,,,,,,,,,,,,,,,,,,,,,,,,,"0,61",,,,,,,,,,,,,,,,,,,,,,,,,"0,61",,,,,,,,,,,,,,,,,,,,,,,,,"0,61",,,,,,,,1.0,"0,61","0,606","0,61","0,61",0.0025062749979787185,0.61,1.0,0.606,0.61,0.61,0.0025062749979787185,0.02630904586999231,82,True,False,161,69,92
M2.2.2,Yes,Architectural infeasibility,,,,,,,,,,,,,,,,,,,X,,,,,,,,,,,,,,,,,,,,,,,,,"0,61",,,,,,,,,,,,,,,,,,,,,,,,,"0,61",,,,,,,,,,,,,,,,,,,,,,,,,"0,61",,,,,,,,1.0,"0,61","0,606","0,61","0,61",0.0025062749979787185,0.61,1.0,0.606,0.61,0.61,0.0025062749979787185,0.02630904586999231,82,True,False,162,69,93
M2.2.1,Yes,Architectural infeasibility,,,,,,,,,,,,,,,,,,,X,,,,,,,,,,,,,,,,,,,,,,,,,"0,61",,,,,,,,,,,,,,,,,,,,,,,,,"0,61",,,,,,,,,,,,,,,,,,,,,,,,,"0,61",,,,,,,,1.0,"0,61","0,606","0,61","0,61",0.0025062749979787185,0.61,1.0,0.606,0.61,0.61,0.0025062749979787185,0.02630904586999231,82,True,False,163,69,94
M2.8.5,Yes,Architectural infeasibility,,,,,,,,,,,,,,,,,,,X,,,,,,,,,,,,,,,,,,,,,,,,,"0,61",,,,,,,,,,,,,,,,,,,,,,,,,"0,61",,,,,,,,,,,,,,,,,,,,,,,,,"0,61",,,,,,,,1.0,"0,61","0,606","0,61","0,61",0.0025062749979787185,0.61,1.0,0.606,0.61,0.61,0.0025062749979787185,0.02630904586999231,82,True,False,164,69,95
M2.10.5,Yes,Architectural infeasibility,,,,,,,,,,,,,,,,,,,X,,,,,,,,,,,,,,,,,,,,,,,,,"0,61",,,,,,,,,,,,,,,,,,,,,,,,,"0,61",,,,,,,,,,,,,,,,,,,,,,,,,"0,61",,,,,,,,1.0,"0,61","0,606","0,61","0,61",0.0025062749979787185,0.61,1.0,0.606,0.61,0.61,0.0025062749979787185,0.02630904586999231,82,True,False,165,69,96
G1.5.2,Yes,Template drift,,,,,,,,,,,,,,,,,,,,,,,,X,,,,,,,,,,,,,,,,,,,,,,,,,"0,60",,,,,,,,,,,,,,,,,,,,,,,,,"0,60",,,,,,,,,,,,,,,,,,,,,,,,,"0,60",,,1.0,"0,60","0,600","0,60","0,60",0.005204341428479724,0.6,1.0,0.6,0.6,0.6,0.005204341428479724,0.020949004868881866,83,True,False,166,69,97
G1.10.3,Yes,Architectural infeasibility,,,,,,,,,,,,,,,,,,,,,,,,X,,,,,,,,,,,,,,,,,,,,,,,,,"0,60",,,,,,,,,,,,,,,,,,,,,,,,,"0,60",,,,,,,,,,,,,,,,,,,,,,,,,"0,60",,,1.0,"0,60","0,600","0,60","0,60",0.005204341428479724,0.6,1.0,0.6,0.6,0.6,0.005204341428479724,0.020949004868881866,83,True,False,167,69,98
G1.10.2,Yes,Template drift,,,,,,,,,,,,,,,,,,,,,,,,X,,,,,,,,,,,,,,,,,,,,,,,,,"0,60",,,,,,,,,,,,,,,,,,,,,,,,,"0,60",,,,,,,,,,,,,,,,,,,,,,,,,"0,60",,,1.0,"0,60","0,600","0,60","0,60",0.005204341428479724,0.6,1.0,0.6,0.6,0.6,0.005204341428479724,0.020949004868881866,83,True,False,168,69,99
G1.4.3,Yes,Template drift,,,,,,,,,,,,,,,,,,,,,,,,X,,,,,,,,,,,,,,,,,,,,,,,,,"0,60",,,,,,,,,,,,,,,,,,,,,,,,,"0,60",,,,,,,,,,,,,,,,,,,,,,,,,"0,60",,,1.0,"0,60","0,600","0,60","0,60",0.005204341428479724,0.6,1.0,0.6,0.6,0.6,0.005204341428479724,0.020949004868881866,83,True,False,169,69,100
G1.4.2,Yes,Contextual misfit,,,,,,,,,,,,,,,,,,,,,,,,X,,,,,,,,,,,,,,,,,,,,,,,,,"0,60",,,,,,,,,,,,,,,,,,,,,,,,,"0,60",,,,,,,,,,,,,,,,,,,,,,,,,"0,60",,,1.0,"0,60","0,600","0,60","0,60",0.005204341428479724,0.6,1.0,0.6,0.6,0.6,0.005204341428479724,0.020949004868881866,83,True,False,170,69,101
G1.9.3,Yes,Architectural infeasibility,,,,,,,,,,,,,,,,,,,,,,,,X,,,,,,,,,,,,,,,,,,,,,,,,,"0,60",,,,,,,,,,,,,,,,,,,,,,,,,"0,60",,,,,,,,,,,,,,,,,,,,,,,,,"0,60",,,1.0,"0,60","0,600","0,60","0,60",0.005204341428479724,0.6,1.0,0.6,0.6,0.6,0.005204341428479724,0.020949004868881866,83,True,False,171,69,102
G1.3.4,Yes,Template drift,,,,,,,,,,,,,,,,,,,,,,,,X,,,,,,,,,,,,,,,,,,,,,,,,,"0,60",,,,,,,,,,,,,,,,,,,,,,,,,"0,60",,,,,,,,,,,,,,,,,,,,,,,,,"0,60",,,1.0,"0,60","0,600","0,60","0,60",0.005204341428479724,0.6,1.0,0.6,0.6,0.6,0.005204341428479724,0.020949004868881866,83,True,False,172,69,103
G1.10.1,Yes,Architectural infeasibility,,,,,,,,,,,,,,,,,,,,,,,,X,,,,,,,,,,,,,,,,,,,,,,,,,"0,60",,,,,,,,,,,,,,,,,,,,,,,,,"0,60",,,,,,,,,,,,,,,,,,,,,,,,,"0,60",,,1.0,"0,60","0,600","0,60","0,60",0.005204341428479724,0.6,1.0,0.6,0.6,0.6,0.005204341428479724,0.020949004868881866,83,True,False,173,69,104
M0_iii.8.3,Yes,Template drift,,,,,,,,,,,,,,,,X,,,,,,,,,,,,,,,,,,,,,,,,,"0,66",,,,,,,,,,,,,,,,,,,,,,,,,"0,65",,,,,,,,,,,,,,,,,,,,,,,,,"0,49",,,,,,,,,,,1.0,"0,66","0,165","0,65","0,49",0.0025062749979787185,0.66,1.0,0.165,0.65,0.49,0.0025062749979787185,0.01932604424703169,84,True,False,174,69,105
M0_iii.4.2,Yes,Template drift,,,,,,,,,,,,,,,,X,,,,,,,,,,,,,,,,,,,,,,,,,"0,66",,,,,,,,,,,,,,,,,,,,,,,,,"0,65",,,,,,,,,,,,,,,,,,,,,,,,,"0,49",,,,,,,,,,,1.0,"0,66","0,165","0,65","0,49",0.0025062749979787185,0.66,1.0,0.165,0.65,0.49,0.0025062749979787185,0.01932604424703169,84,True,False,175,69,106
M0_iii.2.4,Yes,Scope misalignment,,,,,,,,,,,,,,,,X,,,,,,,,,,,,,,,,,,,,,,,,,"0,66",,,,,,,,,,,,,,,,,,,,,,,,,"0,65",,,,,,,,,,,,,,,,,,,,,,,,,"0,49",,,,,,,,,,,1.0,"0,66","0,165","0,65","0,49",0.0025062749979787185,0.66,1.0,0.165,0.65,0.49,0.0025062749979787185,0.01932604424703169,84,True,False,176,69,107
M0_iii.2.2,Yes,Scope misalignment,,,,,,,,,,,,,,,,X,,,,,,,,,,,,,,,,,,,,,,,,,"0,66",,,,,,,,,,,,,,,,,,,,,,,,,"0,65",,,,,,,,,,,,,,,,,,,,,,,,,"0,49",,,,,,,,,,,1.0,"0,66","0,165","0,65","0,49",0.0025062749979787185,0.66,1.0,0.165,0.65,0.49,0.0025062749979787185,0.01932604424703169,84,True,False,177,69,108
M0_ii.2.5,Yes,Scope misalignment,,,,,,,,,,,,,,,X,,,,,,,,,,,,,,,,,,,,,,,,,"0,66",,,,,,,,,,,,,,,,,,,,,,,,,"0,65",,,,,,,,,,,,,,,,,,,,,,,,,"0,49",,,,,,,,,,,,1.0,"0,66","0,165","0,65","0,49",0.0025062749979787185,0.66,1.0,0.165,0.65,0.49,0.0025062749979787185,0.011211241137780815,85,True,False,178,69,109
M0_ii.7.1,Yes,Architectural infeasibility,,,,,,,,,,,,,,,X,,,,,,,,,,,,,,,,,,,,,,,,,"0,66",,,,,,,,,,,,,,,,,,,,,,,,,"0,65",,,,,,,,,,,,,,,,,,,,,,,,,"0,49",,,,,,,,,,,,1.0,"0,66","0,165","0,65","0,49",0.0025062749979787185,0.66,1.0,0.165,0.65,0.49,0.0025062749979787185,0.011211241137780815,85,True,False,179,69,110
M0_ii.7.5,Yes,Contextual misfit,,,,,,,,,,,,,,,X,,,,,,,,,,,,,,,,,,,,,,,,,"0,66",,,,,,,,,,,,,,,,,,,,,,,,,"0,65",,,,,,,,,,,,,,,,,,,,,,,,,"0,49",,,,,,,,,,,,1.0,"0,66","0,165","0,65","0,49",0.0025062749979787185,0.66,1.0,0.165,0.65,0.49,0.0025062749979787185,0.011211241137780815,85,True,False,180,69,111
GS.8.3,No,,,,,,,,,,,,,,,,,,,,,,,,,,,,,,,,,,,,,,,,,,,,,,,,,,,,,,,,,,,,,,,,,,,,,,,,,,,,,,,,,,,,,,,,,,,,,,,,,,,,,,,0.0,"0,00","0,000","0,00","0,00",0.0007303901511852317,0.0,0.0,0.0,0.0,0.0,0.0007303901511852317,0.0,86,False,True,181,70,111
,,,,,,,,,,,,,,,,,,,,,,,,,,,,,,,,,,,,,,,,,,,,,,,,,,,,,,,,,,,,,,,,,,,,,,,,,,,,,,,,,,,,,,,,,,,,,,,,,,,,,,,,,,,,,,,,,,,,0.0,86,False,True,182,71,111
GS.4.21,No,,,,,,,,,,,,,,,,,,,,,,,,,,,,,,,,,,,,,,,,,,,,,,,,,,,,,,,,,,,,,,,,,,,,,,,,,,,,,,,,,,,,,,,,,,,,,,,,,,,,,,,0.0,"0,00","0,000","0,00","0,00",0.0007303901511852317,0.0,0.0,0.0,0.0,0.0,0.0007303901511852317,0.0,86,False,True,183,72,111
GS.7.10,No,,,,,,,,,,,,,,,,,,,,,,,,,,,,,,,,,,,,,,,,,,,,,,,,,,,,,,,,,,,,,,,,,,,,,,,,,,,,,,,,,,,,,,,,,,,,,,,,,,,,,,,0.0,"0,00","0,000","0,00","0,00",0.0007303901511852317,0.0,0.0,0.0,0.0,0.0,0.0007303901511852317,0.0,86,False,True,184,73,111
GS.7.11,No,,,,,,,,,,,,,,,,,,,,,,,,,,,,,,,,,,,,,,,,,,,,,,,,,,,,,,,,,,,,,,,,,,,,,,,,,,,,,,,,,,,,,,,,,,,,,,,,,,,,,,,0.0,"0,00","0,000","0,00","0,00",0.0007303901511852317,0.0,0.0,0.0,0.0,0.0,0.0007303901511852317,0.0,86,False,True,185,74,111
GS.4.20,No,,,,,,,,,,,,,,,,,,,,,,,,,,,,,,,,,,,,,,,,,,,,,,,,,,,,,,,,,,,,,,,,,,,,,,,,,,,,,,,,,,,,,,,,,,,,,,,,,,,,,,,0.0,"0,00","0,000","0,00","0,00",0.0007303901511852317,0.0,0.0,0.0,0.0,0.0,0.0007303901511852317,0.0,86,False,True,186,75,111
,,,,,,,,,,,,,,,,,,,,,,,,,,,,,,,,,,,,,,,,,,,,,,,,,,,,,,,,,,,,,,,,,,,,,,,,,,,,,,,,,,,,,,,,,,,,,,,,,,,,,,,,,,,,,,,,,,,,0.0,86,False,True,187,76,111
,,,,,,,,,,,,,,,,,,,,,,,,,,,,,,,,,,,,,,,,,,,,,,,,,,,,,,,,,,,,,,,,,,,,,,,,,,,,,,,,,,,,,,,,,,,,,,,,,,,,,,,,,,,,,,,,,,,,0.0,86,False,True,188,77,111
,,,,,,,,,,,,,,,,,,,,,,,,,,,,,,,,,,,,,,,,,,,,,,,,,,,,,,,,,,,,,,,,,,,,,,,,,,,,,,,,,,,,,,,,,,,,,,,,,,,,,,,,,,,,,,,,,,,,0.0,86,False,True,189,78,111
GS.1.3,No,,,,,,,,,,,,,,,,,,,,,,,,,,,,,,,,,,,,,,,,,,,,,,,,,,,,,,,,,,,,,,,,,,,,,,,,,,,,,,,,,,,,,,,,,,,,,,,,,,,,,,,0.0,"0,00","0,000","0,00","0,00",0.0007303901511852317,0.0,0.0,0.0,0.0,0.0,0.0007303901511852317,0.0,86,False,True,190,79,111
,,,,,,,,,,,,,,,,,,,,,,,,,,,,,,,,,,,,,,,,,,,,,,,,,,,,,,,,,,,,,,,,,,,,,,,,,,,,,,,,,,,,,,,,,,,,,,,,,,,,,,,,,,,,,,,,,,,,0.0,86,False,True,191,80,111
,,,,,,,,,,,,,,,,,,,,,,,,,,,,,,,,,,,,,,,,,,,,,,,,,,,,,,,,,,,,,,,,,,,,,,,,,,,,,,,,,,,,,,,,,,,,,,,,,,,,,,,,,,,,,,,,,,,,0.0,86,False,True,192,81,111
,,,,,,,,,,,,,,,,,,,,,,,,,,,,,,,,,,,,,,,,,,,,,,,,,,,,,,,,,,,,,,,,,,,,,,,,,,,,,,,,,,,,,,,,,,,,,,,,,,,,,,,,,,,,,,,,,,,,0.0,86,False,True,193,82,111
,,,,,,,,,,,,,,,,,,,,,,,,,,,,,,,,,,,,,,,,,,,,,,,,,,,,,,,,,,,,,,,,,,,,,,,,,,,,,,,,,,,,,,,,,,,,,,,,,,,,,,,,,,,,,,,,,,,,0.0,86,False,True,194,83,111
,,,,,,,,,,,,,,,,,,,,,,,,,,,,,,,,,,,,,,,,,,,,,,,,,,,,,,,,,,,,,,,,,,,,,,,,,,,,,,,,,,,,,,,,,,,,,,,,,,,,,,,,,,,,,,,,,,,,0.0,86,False,True,195,84,111
,,,,,,,,,,,,,,,,,,,,,,,,,,,,,,,,,,,,,,,,,,,,,,,,,,,,,,,,,,,,,,,,,,,,,,,,,,,,,,,,,,,,,,,,,,,,,,,,,,,,,,,,,,,,,,,,,,,,0.0,86,False,True,196,85,111
,,,,,,,,,,,,,,,,,,,,,,,,,,,,,,,,,,,,,,,,,,,,,,,,,,,,,,,,,,,,,,,,,,,,,,,,,,,,,,,,,,,,,,,,,,,,,,,,,,,,,,,,,,,,,,,,,,,,0.0,86,False,True,197,86,111
,,,,,,,,,,,,,,,,,,,,,,,,,,,,,,,,,,,,,,,,,,,,,,,,,,,,,,,,,,,,,,,,,,,,,,,,,,,,,,,,,,,,,,,,,,,,,,,,,,,,,,,,,,,,,,,,,,,,0.0,86,False,True,198,87,111
,,,,,,,,,,,,,,,,,,,,,,,,,,,,,,,,,,,,,,,,,,,,,,,,,,,,,,,,,,,,,,,,,,,,,,,,,,,,,,,,,,,,,,,,,,,,,,,,,,,,,,,,,,,,,,,,,,,,0.0,86,False,True,199,88,111
,,,,,,,,,,,,,,,,,,,,,,,,,,,,,,,,,,,,,,,,,,,,,,,,,,,,,,,,,,,,,,,,,,,,,,,,,,,,,,,,,,,,,,,,,,,,,,,,,,,,,,,,,,,,,,,,,,,,0.0,86,False,True,200,89,111
,,,,,,,,,,,,,,,,,,,,,,,,,,,,,,,,,,,,,,,,,,,,,,,,,,,,,,,,,,,,,,,,,,,,,,,,,,,,,,,,,,,,,,,,,,,,,,,,,,,,,,,,,,,,,,,,,,,,0.0,86,False,True,201,90,111
,,,,,,,,,,,,,,,,,,,,,,,,,,,,,,,,,,,,,,,,,,,,,,,,,,,,,,,,,,,,,,,,,,,,,,,,,,,,,,,,,,,,,,,,,,,,,,,,,,,,,,,,,,,,,,,,,,,,0.0,86,False,True,202,91,111
GS.3.3,No,,H.3.3,,,,,,,,,,,,,,,,,,,,,,,,,,,,,,,,,,,,,,,,,,,,,,,,,,,,,,,,,,,,,,,,,,,,,,,,,,,,,,,,,,,,,,,,,,,,,,,,,,,,,0.0,"0,00","0,000","0,00","0,00",0.0007303901511852317,0.0,0.0,0.0,0.0,0.0,0.0007303901511852317,0.0,86,False,True,203,92,111
,,,,,,,,,,,,,,,,,,,,,,,,,,,,,,,,,,,,,,,,,,,,,,,,,,,,,,,,,,,,,,,,,,,,,,,,,,,,,,,,,,,,,,,,,,,,,,,,,,,,,,,,,,,,,,,,,,,,0.0,86,False,True,204,93,111
,,Generation precision,,95%,85%,84%,91%,80%,89%,60%,82%,69%,93%,75%,72%,79%,50%,60%,74%,75%,61%,81%,100%,83%,78%,60%,74%,,,,,,,,,,,,,,,,,,,,,,,,,,,,,,,,,,,,,,,,,,,,,,,,,,,,,,,,,,,,,,,,,,,,,,,,,,,,,,,,,,,,,,,,,0.0,86,False,True,205,94,111
Precision macro,,,,89%,89%,89%,89%,80%,89%,76%,76%,76%,76%,75%,72%,66%,66%,66%,66%,75%,61%,85%,85%,85%,85%,60%,74%,,,,,,,,,,,,,,,,,,,,,,,,,,,,,,,,,,,,,,,,,,,,,,,,,,,,,,,,,,,,,,,,,,,,,,,,,,,,,,,,,,,,,,,,,0.0,86,False,True,206,95,111
Precisio micro A,,,,89%,89%,89%,89%,80%,89%,74%,74%,74%,74%,75%,72%,65%,65%,65%,65%,75%,61%,84%,84%,84%,84%,60%,74%,,,,,,,,,,,,,,,,,,,,,,,,,,,,,,,,,,,,,,,,,,,,,,,,,,,,,,,,,,,,,,,,,,,,,,,,,,,,,,,,,,,,,,,,,0.0,86,False,True,207,96,111
Precisio micro B,,,,78%,78%,78%,78%,80%,89%,49%,49%,49%,49%,75%,72%,49%,49%,49%,49%,75%,61%,68%,68%,68%,68%,60%,74%,,,,,,,,,,,,,,,,,,,,,,,,,,,,,,,,,,,,,,,,,,,,,,,,,,,,,,,,,,,,,,,,,,,,,,,,,,,,,,,,,,,,,,,,,0.0,86,False,True,208,97,111
,,,,,,,,,,,,,,,,,,,,,,,,,,,,,,,,,,,,,,,,,,,,,,,,,,,,,,,,,,,,,,,,,,,,,,,,,,,,,,,,,,,,,,,,,,,,,,,,,,,,,,,,,,,,,,,,,,,,0.0,86,False,True,209,98,111
,,,,,,,,,,,,,,,,,,,,,,,,,,,,,,,,,,,,,,,,,,,,,,,,,,,,,,,,,,,,,,,,,,,,,,,,,,,,,,,,,,,,,,,,,,,,,,,,,,,,,,,,,,,,,,,,,,,,0.0,86,False,True,210,99,111
,,,,,,,,,,,,,,,,,,,,,,,,,,,,,,,,,,,,,,,,,,,,,,,,,,,,,,,,,,,,,,,,,,,,,,,,,,,,,,,,,,,,,,,,,,,,,,,,,,,,,,,,,,,,,,,,,,,,0.0,86,False,True,211,100,111
,,,,,,,,,,,,,,,,,,,,,,,,,,,,,,,,,,,,,,,,,,,,,,,,,,,,,,,,,,,,,,,,,,,,,,,,,,,,,,,,,,,,,,,,,,,,,,,,,,,,,,,,,,,,,,,,,,,,0.0,86,False,True,212,101,111
,,,,,,,,,,,,,,,,,,,,,,,,,,,,,,,,,,,,,,,,,,,,,,,,,,,,,,,,,,,,,,,,,,,,,,,,,,,,,,,,,,,,,,,,,,,,,,,,,,,,,,,,,,,,,,,,,,,,0.0,86,False,True,213,102,111
,,,,,,,,,,,,,,,,,,,,,,,,,,,,,,,,,,,,,,,,,,,,,,,,,,,,,,,,,,,,,,,,,,,,,,,,,,,,,,,,,,,,,,,,,,,,,,,,,,,,,,,,,,,,,,,,,,,,0.0,86,False,True,214,103,111
,,,,,,,,,,,,,,,,,,,,,,,,,,,,,,,,,,,,,,,,,,,,,,,,,,,,,,,,,,,,,,,,,,,,,,,,,,,,,,,,,,,,,,,,,,,,,,,,,,,,,,,,,,,,,,,,,,,,0.0,86,False,True,215,104,111
,,,,,,,,,,,,,,,,,,,,,,,,,,,,,,,,,,,,,,,,,,,,,,,,,,,,,,,,,,,,,,,,,,,,,,,,,,,,,,,,,,,,,,,,,,,,,,,,,,,,,,,,,,,,,,,,,,,,0.0,86,False,True,216,105,111
,,,,,,,,,,,,,,,,,,,,,,,,,,,,,,,,,,,,,,,,,,,,,,,,,,,,,,,,,,,,,,,,,,,,,,,,,,,,,,,,,,,,,,,,,,,,,,,,,,,,,,,,,,,,,,,,,,,,0.0,86,False,True,217,106,111
,,,,,,,,,,,,,,,,,,,,,,,,,,,,,,,,,,,,,,,,,,,,,,,,,,,,,,,,,,,,,,,,,,,,,,,,,,,,,,,,,,,,,,,,,,,,,,,,,,,,,,,,,,,,,,,,,,,,0.0,86,False,True,218,107,111
,,,,,,,,,,,,,,,,,,,,,,,,,,,,,,,,,,,,,,,,,,,,,,,,,,,,,,,,,,,,,,,,,,,,,,,,,,,,,,,,,,,,,,,,,,,,,,,,,,,,,,,,,,,,,,,,,,,,0.0,86,False,True,219,108,111
,,,,,,,,,,,,,,,,,,,,,,,,,,,,,,,,,,,,,,,,,,,,,,,,,,,,,,,,,,,,,,,,,,,,,,,,,,,,,,,,,,,,,,,,,,,,,,,,,,,,,,,,,,,,,,,,,,,,0.0,86,False,True,220,109,111
,,,,,,,,,,,,,,,,,,,,,,,,,,,,,,,,,,,,,,,,,,,,,,,,,,,,,,,,,,,,,,,,,,,,,,,,,,,,,,,,,,,,,,,,,,,,,,,,,,,,,,,,,,,,,,,,,,,,0.0,86,False,True,221,110,111
,,,,,,,,,,,,,,,,,,,,,,,,,,,,,,,,,,,,,,,,,,,,,,,,,,,,,,,,,,,,,,,,,,,,,,,,,,,,,,,,,,,,,,,,,,,,,,,,,,,,,,,,,,,,,,,,,,,,0.0,86,False,True,222,111,111
,,,,,,,,,,,,,,,,,,,,,,,,,,,,,,,,,,,,,,,,,,,,,,,,,,,,,,,,,,,,,,,,,,,,,,,,,,,,,,,,,,,,,,,,,,,,,,,,,,,,,,,,,,,,,,,,,,,,0.0,86,False,True,223,112,111
,,,,,,,,,,,,,,,,,,,,,,,,,,,,,,,,,,,,,,,,,,,,,,,,,,,,,,,,,,,,,,,,,,,,,,,,,,,,,,,,,,,,,,,,,,,,,,,,,,,,,,,,,,,,,,,,,,,,0.0,86,False,True,224,113,111
,,,,,,,,,,,,,,,,,,,,,,,,,,,,,,,,,,,,,,,,,,,,,,,,,,,,,,,,,,,,,,,,,,,,,,,,,,,,,,,,,,,,,,,,,,,,,,,,,,,,,,,,,,,,,,,,,,,,0.0,86,False,True,225,114,111
,,,,,,,,,,,,,,,,,,,,,,,,,,,,,,,,,,,,,,,,,,,,,,,,,,,,,,,,,,,,,,,,,,,,,,,,,,,,,,,,,,,,,,,,,,,,,,,,,,,,,,,,,,,,,,,,,,,,0.0,86,False,True,226,115,111
,,,,,,,,,,,,,,,,,,,,,,,,,,,,,,,,,,,,,,,,,,,,,,,,,,,,,,,,,,,,,,,,,,,,,,,,,,,,,,,,,,,,,,,,,,,,,,,,,,,,,,,,,,,,,,,,,,,,0.0,86,False,True,227,116,111
,,,,,,,,,,,,,,,,,,,,,,,,,,,,,,,,,,,,,,,,,,,,,,,,,,,,,,,,,,,,,,,,,,,,,,,,,,,,,,,,,,,,,,,,,,,,,,,,,,,,,,,,,,,,,,,,,,,,0.0,86,False,True,228,117,111
,,,,,,,,,,,,,,,,,,,,,,,,,,,,,,,,,,,,,,,,,,,,,,,,,,,,,,,,,,,,,,,,,,,,,,,,,,,,,,,,,,,,,,,,,,,,,,,,,,,,,,,,,,,,,,,,,,,,0.0,86,False,True,229,118,111
,,,,,,,,,,,,,,,,,,,,,,,,,,,,,,,,,,,,,,,,,,,,,,,,,,,,,,,,,,,,,,,,,,,,,,,,,,,,,,,,,,,,,,,,,,,,,,,,,,,,,,,,,,,,,,,,,,,,0.0,86,False,True,230,119,111
,,,,,,,,,,,,,,,,,,,,,,,,,,,,,,,,,,,,,,,,,,,,,,,,,,,,,,,,,,,,,,,,,,,,,,,,,,,,,,,,,,,,,,,,,,,,,,,,,,,,,,,,,,,,,,,,,,,,0.0,86,False,True,231,120,111
,,,,,,,,,,,,,,,,,,,,,,,,,,,,,,,,,,,,,,,,,,,,,,,,,,,,,,,,,,,,,,,,,,,,,,,,,,,,,,,,,,,,,,,,,,,,,,,,,,,,,,,,,,,,,,,,,,,,0.0,86,False,True,232,121,111
,,,,,,,,,,,,,,,,,,,,,,,,,,,,,,,,,,,,,,,,,,,,,,,,,,,,,,,,,,,,,,,,,,,,,,,,,,,,,,,,,,,,,,,,,,,,,,,,,,,,,,,,,,,,,,,,,,,,0.0,86,False,True,233,122,111
,,,,,,,,,,,,,,,,,,,,,,,,,,,,,,,,,,,,,,,,,,,,,,,,,,,,,,,,,,,,,,,,,,,,,,,,,,,,,,,,,,,,,,,,,,,,,,,,,,,,,,,,,,,,,,,,,,,,0.0,86,False,True,234,123,111
,,,,,,,,,,,,,,,,,,,,,,,,,,,,,,,,,,,,,,,,,,,,,,,,,,,,,,,,,,,,,,,,,,,,,,,,,,,,,,,,,,,,,,,,,,,,,,,,,,,,,,,,,,,,,,,,,,,,0.0,86,False,True,235,124,111
,,,,,,,,,,,,,,,,,,,,,,,,,,,,,,,,,,,,,,,,,,,,,,,,,,,,,,,,,,,,,,,,,,,,,,,,,,,,,,,,,,,,,,,,,,,,,,,,,,,,,,,,,,,,,,,,,,,,0.0,86,False,True,236,125,111
,,,,,,,,,,,,,,,,,,,,,,,,,,,,,,,,,,,,,,,,,,,,,,,,,,,,,,,,,,,,,,,,,,,,,,,,,,,,,,,,,,,,,,,,,,,,,,,,,,,,,,,,,,,,,,,,,,,,0.0,86,False,True,237,126,111
,,,,,,,,,,,,,,,,,,,,,,,,,,,,,,,,,,,,,,,,,,,,,,,,,,,,,,,,,,,,,,,,,,,,,,,,,,,,,,,,,,,,,,,,,,,,,,,,,,,,,,,,,,,,,,,,,,,,0.0,86,False,True,238,127,111
,,,,,,,,,,,,,,,,,,,,,,,,,,,,,,,,,,,,,,,,,,,,,,,,,,,,,,,,,,,,,,,,,,,,,,,,,,,,,,,,,,,,,,,,,,,,,,,,,,,,,,,,,,,,,,,,,,,,0.0,86,False,True,239,128,111
,,,,,,,,,,,,,,,,,,,,,,,,,,,,,,,,,,,,,,,,,,,,,,,,,,,,,,,,,,,,,,,,,,,,,,,,,,,,,,,,,,,,,,,,,,,,,,,,,,,,,,,,,,,,,,,,,,,,0.0,86,False,True,240,129,111
,,,,,,,,,,,,,,,,,,,,,,,,,,,,,,,,,,,,,,,,,,,,,,,,,,,,,,,,,,,,,,,,,,,,,,,,,,,,,,,,,,,,,,,,,,,,,,,,,,,,,,,,,,,,,,,,,,,,0.0,86,False,True,241,130,111
,,,,,,,,,,,,,,,,,,,,,,,,,,,,,,,,,,,,,,,,,,,,,,,,,,,,,,,,,,,,,,,,,,,,,,,,,,,,,,,,,,,,,,,,,,,,,,,,,,,,,,,,,,,,,,,,,,,,0.0,86,False,True,242,131,111
,,,,,,,,,,,,,,,,,,,,,,,,,,,,,,,,,,,,,,,,,,,,,,,,,,,,,,,,,,,,,,,,,,,,,,,,,,,,,,,,,,,,,,,,,,,,,,,,,,,,,,,,,,,,,,,,,,,,0.0,86,False,True,243,132,111
,,,,,,,,,,,,,,,,,,,,,,,,,,,,,,,,,,,,,,,,,,,,,,,,,,,,,,,,,,,,,,,,,,,,,,,,,,,,,,,,,,,,,,,,,,,,,,,,,,,,,,,,,,,,,,,,,,,,0.0,86,False,True,244,133,111
,,,,,,,,,,,,,,,,,,,,,,,,,,,,,,,,,,,,,,,,,,,,,,,,,,,,,,,,,,,,,,,,,,,,,,,,,,,,,,,,,,,,,,,,,,,,,,,,,,,,,,,,,,,,,,,,,,,,0.0,86,False,True,245,134,111
,,,,,,,,,,,,,,,,,,,,,,,,,,,,,,,,,,,,,,,,,,,,,,,,,,,,,,,,,,,,,,,,,,,,,,,,,,,,,,,,,,,,,,,,,,,,,,,,,,,,,,,,,,,,,,,,,,,,0.0,86,False,True,246,135,111
,,,,,,,,,,,,,,,,,,,,,,,,,,,,,,,,,,,,,,,,,,,,,,,,,,,,,,,,,,,,,,,,,,,,,,,,,,,,,,,,,,,,,,,,,,,,,,,,,,,,,,,,,,,,,,,,,,,,0.0,86,False,True,247,136,111
,,,,,,,,,,,,,,,,,,,,,,,,,,,,,,,,,,,,,,,,,,,,,,,,,,,,,,,,,,,,,,,,,,,,,,,,,,,,,,,,,,,,,,,,,,,,,,,,,,,,,,,,,,,,,,,,,,,,0.0,86,False,True,248,137,111
,,,,,,,,,,,,,,,,,,,,,,,,,,,,,,,,,,,,,,,,,,,,,,,,,,,,,,,,,,,,,,,,,,,,,,,,,,,,,,,,,,,,,,,,,,,,,,,,,,,,,,,,,,,,,,,,,,,,0.0,86,False,True,249,138,111
,,,,,,,,,,,,,,,,,,,,,,,,,,,,,,,,,,,,,,,,,,,,,,,,,,,,,,,,,,,,,,,,,,,,,,,,,,,,,,,,,,,,,,,,,,,,,,,,,,,,,,,,,,,,,,,,,,,,0.0,86,False,True,250,139,111
,,,,,,,,,,,,,,,,,,,,,,,,,,,,,,,,,,,,,,,,,,,,,,,,,,,,,,,,,,,,,,,,,,,,,,,,,,,,,,,,,,,,,,,,,,,,,,,,,,,,,,,,,,,,,,,,,,,,0.0,86,False,True,251,140,111
,,,,,,,,,,,,,,,,,,,,,,,,,,,,,,,,,,,,,,,,,,,,,,,,,,,,,,,,,,,,,,,,,,,,,,,,,,,,,,,,,,,,,,,,,,,,,,,,,,,,,,,,,,,,,,,,,,,,0.0,86,False,True,252,141,111
,,,,,,,,,,,,,,,,,,,,,,,,,,,,,,,,,,,,,,,,,,,,,,,,,,,,,,,,,,,,,,,,,,,,,,,,,,,,,,,,,,,,,,,,,,,,,,,,,,,,,,,,,,,,,,,,,,,,0.0,86,False,True,253,142,111
,,,,,,,,,,,,,,,,,,,,,,,,,,,,,,,,,,,,,,,,,,,,,,,,,,,,,,,,,,,,,,,,,,,,,,,,,,,,,,,,,,,,,,,,,,,,,,,,,,,,,,,,,,,,,,,,,,,,0.0,86,False,True,254,143,111
,,,,,,,,,,,,,,,,,,,,,,,,,,,,,,,,,,,,,,,,,,,,,,,,,,,,,,,,,,,,,,,,,,,,,,,,,,,,,,,,,,,,,,,,,,,,,,,,,,,,,,,,,,,,,,,,,,,,0.0,86,False,True,255,144,111
,,,,,,,,,,,,,,,,,,,,,,,,,,,,,,,,,,,,,,,,,,,,,,,,,,,,,,,,,,,,,,,,,,,,,,,,,,,,,,,,,,,,,,,,,,,,,,,,,,,,,,,,,,,,,,,,,,,,0.0,86,False,True,256,145,111
,,,,,,,,,,,,,,,,,,,,,,,,,,,,,,,,,,,,,,,,,,,,,,,,,,,,,,,,,,,,,,,,,,,,,,,,,,,,,,,,,,,,,,,,,,,,,,,,,,,,,,,,,,,,,,,,,,,,0.0,86,False,True,257,146,111
,,,,,,,,,,,,,,,,,,,,,,,,,,,,,,,,,,,,,,,,,,,,,,,,,,,,,,,,,,,,,,,,,,,,,,,,,,,,,,,,,,,,,,,,,,,,,,,,,,,,,,,,,,,,,,,,,,,,0.0,86,False,True,258,147,111
,,,,,,,,,,,,,,,,,,,,,,,,,,,,,,,,,,,,,,,,,,,,,,,,,,,,,,,,,,,,,,,,,,,,,,,,,,,,,,,,,,,,,,,,,,,,,,,,,,,,,,,,,,,,,,,,,,,,0.0,86,False,True,259,148,111
,,,,,,,,,,,,,,,,,,,,,,,,,,,,,,,,,,,,,,,,,,,,,,,,,,,,,,,,,,,,,,,,,,,,,,,,,,,,,,,,,,,,,,,,,,,,,,,,,,,,,,,,,,,,,,,,,,,,0.0,86,False,True,260,149,111
,,,,,,,,,,,,,,,,,,,,,,,,,,,,,,,,,,,,,,,,,,,,,,,,,,,,,,,,,,,,,,,,,,,,,,,,,,,,,,,,,,,,,,,,,,,,,,,,,,,,,,,,,,,,,,,,,,,,0.0,86,False,True,261,150,111
,,,,,,,,,,,,,,,,,,,,,,,,,,,,,,,,,,,,,,,,,,,,,,,,,,,,,,,,,,,,,,,,,,,,,,,,,,,,,,,,,,,,,,,,,,,,,,,,,,,,,,,,,,,,,,,,,,,,0.0,86,False,True,262,151,111
,,,,,,,,,,,,,,,,,,,,,,,,,,,,,,,,,,,,,,,,,,,,,,,,,,,,,,,,,,,,,,,,,,,,,,,,,,,,,,,,,,,,,,,,,,,,,,,,,,,,,,,,,,,,,,,,,,,,0.0,86,False,True,263,152,111
,,,,,,,,,,,,,,,,,,,,,,,,,,,,,,,,,,,,,,,,,,,,,,,,,,,,,,,,,,,,,,,,,,,,,,,,,,,,,,,,,,,,,,,,,,,,,,,,,,,,,,,,,,,,,,,,,,,,0.0,86,False,True,264,153,111
,,,,,,,,,,,,,,,,,,,,,,,,,,,,,,,,,,,,,,,,,,,,,,,,,,,,,,,,,,,,,,,,,,,,,,,,,,,,,,,,,,,,,,,,,,,,,,,,,,,,,,,,,,,,,,,,,,,,0.0,86,False,True,265,154,111
,,,,,,,,,,,,,,,,,,,,,,,,,,,,,,,,,,,,,,,,,,,,,,,,,,,,,,,,,,,,,,,,,,,,,,,,,,,,,,,,,,,,,,,,,,,,,,,,,,,,,,,,,,,,,,,,,,,,0.0,86,False,True,266,155,111
,,,,,,,,,,,,,,,,,,,,,,,,,,,,,,,,,,,,,,,,,,,,,,,,,,,,,,,,,,,,,,,,,,,,,,,,,,,,,,,,,,,,,,,,,,,,,,,,,,,,,,,,,,,,,,,,,,,,0.0,86,False,True,267,156,111
,,,,,,,,,,,,,,,,,,,,,,,,,,,,,,,,,,,,,,,,,,,,,,,,,,,,,,,,,,,,,,,,,,,,,,,,,,,,,,,,,,,,,,,,,,,,,,,,,,,,,,,,,,,,,,,,,,,,0.0,86,False,True,268,157,111
,,,,,,,,,,,,,,,,,,,,,,,,,,,,,,,,,,,,,,,,,,,,,,,,,,,,,,,,,,,,,,,,,,,,,,,,,,,,,,,,,,,,,,,,,,,,,,,,,,,,,,,,,,,,,,,,,,,,0.0,86,False,True,269,158,111
,,,,,,,,,,,,,,,,,,,,,,,,,,,,,,,,,,,,,,,,,,,,,,,,,,,,,,,,,,,,,,,,,,,,,,,,,,,,,,,,,,,,,,,,,,,,,,,,,,,,,,,,,,,,,,,,,,,,0.0,86,False,True,270,159,111
,,,,,,,,,,,,,,,,,,,,,,,,,,,,,,,,,,,,,,,,,,,,,,,,,,,,,,,,,,,,,,,,,,,,,,,,,,,,,,,,,,,,,,,,,,,,,,,,,,,,,,,,,,,,,,,,,,,,0.0,86,False,True,271,160,111
,,,,,,,,,,,,,,,,,,,,,,,,,,,,,,,,,,,,,,,,,,,,,,,,,,,,,,,,,,,,,,,,,,,,,,,,,,,,,,,,,,,,,,,,,,,,,,,,,,,,,,,,,,,,,,,,,,,,0.0,86,False,True,272,161,111
,,,,,,,,,,,,,,,,,,,,,,,,,,,,,,,,,,,,,,,,,,,,,,,,,,,,,,,,,,,,,,,,,,,,,,,,,,,,,,,,,,,,,,,,,,,,,,,,,,,,,,,,,,,,,,,,,,,,0.0,86,False,True,273,162,111
,,,,,,,,,,,,,,,,,,,,,,,,,,,,,,,,,,,,,,,,,,,,,,,,,,,,,,,,,,,,,,,,,,,,,,,,,,,,,,,,,,,,,,,,,,,,,,,,,,,,,,,,,,,,,,,,,,,,0.0,86,False,True,274,163,111
,,,,,,,,,,,,,,,,,,,,,,,,,,,,,,,,,,,,,,,,,,,,,,,,,,,,,,,,,,,,,,,,,,,,,,,,,,,,,,,,,,,,,,,,,,,,,,,,,,,,,,,,,,,,,,,,,,,,0.0,86,False,True,275,164,111
,,,,,,,,,,,,,,,,,,,,,,,,,,,,,,,,,,,,,,,,,,,,,,,,,,,,,,,,,,,,,,,,,,,,,,,,,,,,,,,,,,,,,,,,,,,,,,,,,,,,,,,,,,,,,,,,,,,,0.0,86,False,True,276,165,111
,,,,,,,,,,,,,,,,,,,,,,,,,,,,,,,,,,,,,,,,,,,,,,,,,,,,,,,,,,,,,,,,,,,,,,,,,,,,,,,,,,,,,,,,,,,,,,,,,,,,,,,,,,,,,,,,,,,,0.0,86,False,True,277,166,111
,,,,,,,,,,,,,,,,,,,,,,,,,,,,,,,,,,,,,,,,,,,,,,,,,,,,,,,,,,,,,,,,,,,,,,,,,,,,,,,,,,,,,,,,,,,,,,,,,,,,,,,,,,,,,,,,,,,,0.0,86,False,True,278,167,111
,,,,,,,,,,,,,,,,,,,,,,,,,,,,,,,,,,,,,,,,,,,,,,,,,,,,,,,,,,,,,,,,,,,,,,,,,,,,,,,,,,,,,,,,,,,,,,,,,,,,,,,,,,,,,,,,,,,,0.0,86,False,True,279,168,111
,,,,,,,,,,,,,,,,,,,,,,,,,,,,,,,,,,,,,,,,,,,,,,,,,,,,,,,,,,,,,,,,,,,,,,,,,,,,,,,,,,,,,,,,,,,,,,,,,,,,,,,,,,,,,,,,,,,,0.0,86,False,True,280,169,111
,,,,,,,,,,,,,,,,,,,,,,,,,,,,,,,,,,,,,,,,,,,,,,,,,,,,,,,,,,,,,,,,,,,,,,,,,,,,,,,,,,,,,,,,,,,,,,,,,,,,,,,,,,,,,,,,,,,,0.0,86,False,True,281,170,111
,,,,,,,,,,,,,,,,,,,,,,,,,,,,,,,,,,,,,,,,,,,,,,,,,,,,,,,,,,,,,,,,,,,,,,,,,,,,,,,,,,,,,,,,,,,,,,,,,,,,,,,,,,,,,,,,,,,,0.0,86,False,True,282,171,111
,,,,,,,,,,,,,,,,,,,,,,,,,,,,,,,,,,,,,,,,,,,,,,,,,,,,,,,,,,,,,,,,,,,,,,,,,,,,,,,,,,,,,,,,,,,,,,,,,,,,,,,,,,,,,,,,,,,,0.0,86,False,True,283,172,111
,,,,,,,,,,,,,,,,,,,,,,,,,,,,,,,,,,,,,,,,,,,,,,,,,,,,,,,,,,,,,,,,,,,,,,,,,,,,,,,,,,,,,,,,,,,,,,,,,,,,,,,,,,,,,,,,,,,,0.0,86,False,True,284,173,111
,,,,,,,,,,,,,,,,,,,,,,,,,,,,,,,,,,,,,,,,,,,,,,,,,,,,,,,,,,,,,,,,,,,,,,,,,,,,,,,,,,,,,,,,,,,,,,,,,,,,,,,,,,,,,,,,,,,,0.0,86,False,True,285,174,111
,,,,,,,,,,,,,,,,,,,,,,,,,,,,,,,,,,,,,,,,,,,,,,,,,,,,,,,,,,,,,,,,,,,,,,,,,,,,,,,,,,,,,,,,,,,,,,,,,,,,,,,,,,,,,,,,,,,,0.0,86,False,True,286,175,111
,,,,,,,,,,,,,,,,,,,,,,,,,,,,,,,,,,,,,,,,,,,,,,,,,,,,,,,,,,,,,,,,,,,,,,,,,,,,,,,,,,,,,,,,,,,,,,,,,,,,,,,,,,,,,,,,,,,,0.0,86,False,True,287,176,111
,,,,,,,,,,,,,,,,,,,,,,,,,,,,,,,,,,,,,,,,,,,,,,,,,,,,,,,,,,,,,,,,,,,,,,,,,,,,,,,,,,,,,,,,,,,,,,,,,,,,,,,,,,,,,,,,,,,,0.0,86,False,True,288,177,111
,,,,,,,,,,,,,,,,,,,,,,,,,,,,,,,,,,,,,,,,,,,,,,,,,,,,,,,,,,,,,,,,,,,,,,,,,,,,,,,,,,,,,,,,,,,,,,,,,,,,,,,,,,,,,,,,,,,,0.0,86,False,True,289,178,111
,,,,,,,,,,,,,,,,,,,,,,,,,,,,,,,,,,,,,,,,,,,,,,,,,,,,,,,,,,,,,,,,,,,,,,,,,,,,,,,,,,,,,,,,,,,,,,,,,,,,,,,,,,,,,,,,,,,,0.0,86,False,True,290,179,111
,,,,,,,,,,,,,,,,,,,,,,,,,,,,,,,,,,,,,,,,,,,,,,,,,,,,,,,,,,,,,,,,,,,,,,,,,,,,,,,,,,,,,,,,,,,,,,,,,,,,,,,,,,,,,,,,,,,,0.0,86,False,True,291,180,111
,,,,,,,,,,,,,,,,,,,,,,,,,,,,,,,,,,,,,,,,,,,,,,,,,,,,,,,,,,,,,,,,,,,,,,,,,,,,,,,,,,,,,,,,,,,,,,,,,,,,,,,,,,,,,,,,,,,,0.0,86,False,True,292,181,111
,,,,,,,,,,,,,,,,,,,,,,,,,,,,,,,,,,,,,,,,,,,,,,,,,,,,,,,,,,,,,,,,,,,,,,,,,,,,,,,,,,,,,,,,,,,,,,,,,,,,,,,,,,,,,,,,,,,,0.0,86,False,True,293,182,111
,,,,,,,,,,,,,,,,,,,,,,,,,,,,,,,,,,,,,,,,,,,,,,,,,,,,,,,,,,,,,,,,,,,,,,,,,,,,,,,,,,,,,,,,,,,,,,,,,,,,,,,,,,,,,,,,,,,,0.0,86,False,True,294,183,111
,,,,,,,,,,,,,,,,,,,,,,,,,,,,,,,,,,,,,,,,,,,,,,,,,,,,,,,,,,,,,,,,,,,,,,,,,,,,,,,,,,,,,,,,,,,,,,,,,,,,,,,,,,,,,,,,,,,,0.0,86,False,True,295,184,111
,,,,,,,,,,,,,,,,,,,,,,,,,,,,,,,,,,,,,,,,,,,,,,,,,,,,,,,,,,,,,,,,,,,,,,,,,,,,,,,,,,,,,,,,,,,,,,,,,,,,,,,,,,,,,,,,,,,,0.0,86,False,True,296,185,111
,,,,,,,,,,,,,,,,,,,,,,,,,,,,,,,,,,,,,,,,,,,,,,,,,,,,,,,,,,,,,,,,,,,,,,,,,,,,,,,,,,,,,,,,,,,,,,,,,,,,,,,,,,,,,,,,,,,,0.0,86,False,True,297,186,111
,,,,,,,,,,,,,,,,,,,,,,,,,,,,,,,,,,,,,,,,,,,,,,,,,,,,,,,,,,,,,,,,,,,,,,,,,,,,,,,,,,,,,,,,,,,,,,,,,,,,,,,,,,,,,,,,,,,,0.0,86,False,True,298,187,111
,,,,,,,,,,,,,,,,,,,,,,,,,,,,,,,,,,,,,,,,,,,,,,,,,,,,,,,,,,,,,,,,,,,,,,,,,,,,,,,,,,,,,,,,,,,,,,,,,,,,,,,,,,,,,,,,,,,,0.0,86,False,True,299,188,111
,,,,,,,,,,,,,,,,,,,,,,,,,,,,,,,,,,,,,,,,,,,,,,,,,,,,,,,,,,,,,,,,,,,,,,,,,,,,,,,,,,,,,,,,,,,,,,,,,,,,,,,,,,,,,,,,,,,,0.0,86,False,True,300,189,111
,,,,,,,,,,,,,,,,,,,,,,,,,,,,,,,,,,,,,,,,,,,,,,,,,,,,,,,,,,,,,,,,,,,,,,,,,,,,,,,,,,,,,,,,,,,,,,,,,,,,,,,,,,,,,,,,,,,,0.0,86,False,True,301,190,111
,,,,,,,,,,,,,,,,,,,,,,,,,,,,,,,,,,,,,,,,,,,,,,,,,,,,,,,,,,,,,,,,,,,,,,,,,,,,,,,,,,,,,,,,,,,,,,,,,,,,,,,,,,,,,,,,,,,,0.0,86,False,True,302,191,111
