#;Hall.;H. Type;;L0;L0_ii;L0_iii;L0_iv;L1;L2;Q0;Q0_ii;Q0_iii;Q0_iv;Q1;Q2;M0;M0_ii;M0_iii;M0_iv;M1;M2;G0;G0_ii;G0_iii;G0_iv;G1;G2;;L0;L0_ii;L0_iii;L0_iv;L1;L2;Q0;Q0_ii;Q0_iii;Q0_iv;Q1;Q2;M0;M0_ii;M0_iii;M0_iv;M1;M2;G0;G0_ii;G0_iii;G0_iv;G1;G2;;L0;L0_ii;L0_iii;L0_iv;L1;L2;Q0;Q0_ii;Q0_iii;Q0_iv;Q1;Q2;M0;M0_ii;M0_iii;M0_iv;M1;M2;G0;G0_ii;G0_iii;G0_iv;G1;G2;;L0;L0_ii;L0_iii;L0_iv;L1;L2;Q0;Q0_ii;Q0_iii;Q0_iv;Q1;Q2;M0;M0_ii;M0_iii;M0_iv;M1;M2;G0;G0_ii;G0_iii;G0_iv;G1;G2;;Support;Prec. Macro;Prec. Macro Balanced;Prec. Micro A;Prec. Micro B;Optimal numeric
GS.1.1;No;;H.1.1;X;X;X;X;X;X;X;X;X;X;X;X;X;X;X;X;X;X;P;X;X;X;X;X;;0,89;0,89;0,89;0,89;0,80;0,89;0,76;0,76;0,76;0,76;0,75;0,72;0,66;0,66;0,66;0,66;0,75;0,61;0,85;0,85;0,85;0,85;0,60;0,74;;0,89;0,89;0,89;0,89;0,80;0,89;0,74;0,74;0,74;0,74;0,75;0,72;0,65;0,65;0,65;0,65;0,75;0,61;0,84;0,84;0,84;0,84;0,60;0,74;;0,78;0,78;0,78;0,78;0,80;0,89;0,49;0,49;0,49;0,49;0,75;0,72;0,49;0,49;0,49;0,49;0,75;0,61;0,68;0,68;0,68;0,68;0,60;0,74;;24;18,49;11,582;18,36;15,59;1,000000
GS.1.2;No;;H.1.2;;;;;;;;;;P;;;;;;;;;;;;;;;;;;;;;;;;;0,76;;;;;;;;;;;;;;;;;;;;;;;;;0,74;;;;;;;;;;;;;;;;;;;;;;;;;0,49;;;;;;;;;;;;;;;;1;0,76;0,190;0,74;0,49;0,058384
GS.1.3;No;;;;;;;;;;;;;;;;;;;;;;;;;;;;;;;;;;;;;;;;;;;;;;;;;;;;;;;;;;;;;;;;;;;;;;;;;;;;;;;;;;;;;;;;;;;;;;;;;;;;;;;0;0,00;0,000;0,00;0,00;0,000000
L1.1.3;Yes;Scope misalignment;;;;;;X;;;;;;;;;;;;;;;;;;;;;;;;;0,80;;;;;;;;;;;;;;;;;;;;;;;;;0,80;;;;;;;;;;;;;;;;;;;;;;;;;0,80;;;;;;;;;;;;;;;;;;;;;1;0,80;0,800;0,80;0,80;0,048774
L2.1.2;Yes;Scope misalignment;;;;;;;X;;;;;;;;;;;;;;;;;;;;;;;;;0,89;;;;;;;;;;;;;;;;;;;;;;;;;0,89;;;;;;;;;;;;;;;;;;;;;;;;;0,89;;;;;;;;;;;;;;;;;;;;1;0,89;0,893;0,89;0,89;0,054391
GS.2.1;No;;H.2.1;X;X;X;X;P;X;P;X;X;P;X;X;;;;X;X;;P;X;X;P;X;P;;0,89;0,89;0,89;0,89;0,80;0,89;0,76;0,76;0,76;0,76;0,75;0,72;;;;0,66;0,75;;0,85;0,85;0,85;0,85;0,60;0,74;;0,89;0,89;0,89;0,89;0,80;0,89;0,74;0,74;0,74;0,74;0,75;0,72;;;;0,65;0,75;;0,84;0,84;0,84;0,84;0,60;0,74;;0,78;0,78;0,78;0,78;0,80;0,89;0,49;0,49;0,49;0,49;0,75;0,72;;;;0,49;0,75;;0,68;0,68;0,68;0,68;0,60;0,74;;20;15,91;10,483;15,79;13,52;0,898373
GS.2.2;No;;H.2.2;;;X;;;;;;;;;;;;;;;;;;;;;;;;;0,89;;;;;;;;;;;;;;;;;;;;;;;;;0,89;;;;;;;;;;;;;;;;;;;;;;;;;0,78;;;;;;;;;;;;;;;;;;;;;;;1;0,89;0,222;0,89;0,78;0,066114
GS.2.3;No;;;X;;;;;;;;;;;;;;;X;;;;;;;;;;0,89;;;;;;;;;;;;;;;0,66;;;;;;;;;;0,89;;;;;;;;;;;;;;;0,65;;;;;;;;;;0,78;;;;;;;;;;;;;;;0,49;;;;;;;;;;2;1,54;0,386;1,54;1,27;0,112647
"L0_ii.2.1; L0_iii.2.2";Yes;Scope misalignment;;;X;X;;;;;;;;;;;;;;;;;;;;;;;;0,89;0,89;;;;;;;;;;;;;;;;;;;;;;;;0,89;0,89;;;;;;;;;;;;;;;;;;;;;;;;0,78;0,78;;;;;;;;;;;;;;;;;;;;;;;2;1,77;0,443;1,77;1,55;0,124370
L0_ii.2.3;Yes;Scope misalignment;;;X;;;;;;;;;;;;;;;;;;;;;;;;;0,89;;;;;;;;;;;;;;;;;;;;;;;;;0,89;;;;;;;;;;;;;;;;;;;;;;;;;0,78;;;;;;;;;;;;;;;;;;;;;;;;1;0,89;0,222;0,89;0,78;0,058256
"L0_iii.2.5; L1.2.1. M0_ii.2.2; M0_iii.2.3";Yes;Scope misalignment;;;;X;;X;;;;;;;;;X;X;;;;;;;;;;;;;0,89;;0,80;;;;;;;;;0,66;0,66;;;;;;;;;;;;;0,89;;0,80;;;;;;;;;0,65;0,65;;;;;;;;;;;;;0,78;;0,80;;;;;;;;;0,49;0,49;;;;;;;;;;;4;3,00;1,351;3,00;2,56;0,145425
L2.3.2;Yes;Template drift;;;;;;;X;;;;;;;;;;;;;;;;;;;;;;;;;0,89;;;;;;;;;;;;;;;;;;;;;;;;;0,89;;;;;;;;;;;;;;;;;;;;;;;;;0,89;;;;;;;;;;;;;;;;;;;;1;0,89;0,893;0,89;0,89;0,054391
"M0.2.1; M0_ii.2.1; M0_iii.2.1";Yes;Scope misalignment;;;;;;;;;;;;;;X;X;X;;;X;;;;;;;;;;;;;;;;;;;;0,66;0,66;0,66;;;0,61;;;;;;;;;;;;;;;;;;;;0,65;0,65;0,65;;;0,61;;;;;;;;;;;;;;;;;;;;0,49;0,49;0,49;;;0,61;;;;;;;;4;2,58;1,100;2,57;2,08;0,101627
"Q0_iii.2.4; M0_ii.2.4";Yes;Scope misalignment;;;;;;;;;;X;;;;;X;;;;;;;;;;;;;;;;;;;;0,76;;;;;0,66;;;;;;;;;;;;;;;;;;;;0,74;;;;;0,65;;;;;;;;;;;;;;;;;;;;0,49;;;;;0,49;;;;;;;;;;;;2;1,42;0,354;1,39;0,98;0,050247
"M0.2.2; M0_ii.2.3; M2.2.3";Yes;Architectural infeasibility;;;;;;;;;;;;;;X;X;;;;;;;;;;;;;;;;;;;;;;;;0,66;0,66;;;;;;;;;;;;;;;;;;;;;;;;0,65;0,65;;;;;;;;;;;;;;;;;;;;;;;;0,49;0,49;;;;;;;;;;;;2;1,32;0,329;1,31;0,98;0,055992
M0.2.3;Yes;Architectural infeasibility;;;;;;;;;;;;;;X;;;;;;;;;;;;;;;;;;;;;;;;;0,66;;;;;;;;;;;;;;;;;;;;;;;;;0,65;;;;;;;;;;;;;;;;;;;;;;;;;0,49;;;;;;;;;;;;;1;0,66;0,165;0,65;0,49;0,044781
"M0.2.4; M0_iii.2.5";Yes;Architectural infeasibility;;;;;;;;;;;;;;X;;X;;;;;;;;;;;;;;;;;;;;;;;0,66;;0,66;;;;;;;;;;;;;;;;;;;;;;;0,65;;0,65;;;;;;;;;;;;;;;;;;;;;;;0,49;;0,49;;;;;;;;;;;2;1,32;0,329;1,31;0,98;0,064107
M0_ii.2.5;Yes;Scope misalignment;;;;;;;;;;;;;;;X;;;;;;;;;;;;;;;;;;;;;;;;;0,66;;;;;;;;;;;;;;;;;;;;;;;;;0,65;;;;;;;;;;;;;;;;;;;;;;;;;0,49;;;;;;;;;;;;1;0,66;0,165;0,65;0,49;0,011211
M0_iii.2.2;Yes;Scope misalignment;;;;;;;;;;;;;;;;X;;;;;;;;;;;;;;;;;;;;;;;;;0,66;;;;;;;;;;;;;;;;;;;;;;;;;0,65;;;;;;;;;;;;;;;;;;;;;;;;;0,49;;;;;;;;;;;1;0,66;0,165;0,65;0,49;0,019326
M0_iii.2.4;Yes;Scope misalignment;;;;;;;;;;;;;;;;X;;;;;;;;;;;;;;;;;;;;;;;;;0,66;;;;;;;;;;;;;;;;;;;;;;;;;0,65;;;;;;;;;;;;;;;;;;;;;;;;;0,49;;;;;;;;;;;1;0,66;0,165;0,65;0,49;0,019326
M2.2.1;Yes;Architectural infeasibility;;;;;;;;;;;;;;;;;;;X;;;;;;;;;;;;;;;;;;;;;;;;;0,61;;;;;;;;;;;;;;;;;;;;;;;;;0,61;;;;;;;;;;;;;;;;;;;;;;;;;0,61;;;;;;;;1;0,61;0,606;0,61;0,61;0,026309
M2.2.2;Yes;Architectural infeasibility;;;;;;;;;;;;;;;;;;;X;;;;;;;;;;;;;;;;;;;;;;;;;0,61;;;;;;;;;;;;;;;;;;;;;;;;;0,61;;;;;;;;;;;;;;;;;;;;;;;;;0,61;;;;;;;;1;0,61;0,606;0,61;0,61;0,026309
M2.2.4;Yes;Architectural infeasibility;;;;;;;;;;;;;;;;;;;X;;;;;;;;;;;;;;;;;;;;;;;;;0,61;;;;;;;;;;;;;;;;;;;;;;;;;0,61;;;;;;;;;;;;;;;;;;;;;;;;;0,61;;;;;;;;1;0,61;0,606;0,61;0,61;0,026309
M2.2.5;Yes;Architectural infeasibility;;;;;;;;;;;;;;;;;;;X;;;;;;;;;;;;;;;;;;;;;;;;;0,61;;;;;;;;;;;;;;;;;;;;;;;;;0,61;;;;;;;;;;;;;;;;;;;;;;;;;0,61;;;;;;;;1;0,61;0,606;0,61;0,61;0,026309
G0.2.2;Yes;Template drift;;;;;;;;;;;;;;;;;;;;X;;;;;;;;;;;;;;;;;;;;;;;;;0,85;;;;;;;;;;;;;;;;;;;;;;;;;0,84;;;;;;;;;;;;;;;;;;;;;;;;;0,68;;;;;;;1;0,85;0,855;0,84;0,68;0,041663
G0_iii.2.3;Yes;Architectural infeasibility;;;;;;;;;;;;;;;;;;;;;;X;;;;;;;;;;;;;;;;;;;;;;;;;0,85;;;;;;;;;;;;;;;;;;;;;;;;;0,84;;;;;;;;;;;;;;;;;;;;;;;;;0,68;;;;;1;0,85;0,855;0,84;0,68;0,040916
GS.3.1;No;;H.3.1;P;P;P;P;P;P;P;X;X;P;P;P;P;;P;P;P;P;X;X;X;X;X;X;;0,89;0,89;0,89;0,89;0,80;0,89;0,76;0,76;0,76;0,76;0,75;0,72;0,66;;0,66;0,66;0,75;0,61;0,85;0,85;0,85;0,85;0,60;0,74;;0,89;0,89;0,89;0,89;0,80;0,89;0,74;0,74;0,74;0,74;0,75;0,72;0,65;;0,65;0,65;0,75;0,61;0,84;0,84;0,84;0,84;0,60;0,74;;0,78;0,78;0,78;0,78;0,80;0,89;0,49;0,49;0,49;0,49;0,75;0,72;0,49;;0,49;0,49;0,75;0,61;0,68;0,68;0,68;0,68;0,60;0,74;;23;17,84;11,418;17,70;15,10;0,988789
GS.3.2;No;;H.3.2;X;X;P;P;P;;;;;;X;X;;;;;;;;;;X;P;;;0,89;0,89;0,89;0,89;0,80;;;;;;0,75;0,72;;;;;;;;;;0,85;0,60;;;0,89;0,89;0,89;0,89;0,80;;;;;;0,75;0,72;;;;;;;;;;0,84;0,60;;;0,78;0,78;0,78;0,78;0,80;;;;;;0,75;0,72;;;;;;;;;;0,68;0,60;;;9;7,28;4,616;7,27;6,65;0,446698
GS.3.3;No;;H.3.3;;;;;;;;;;;;;;;;;;;;;;;;;;;;;;;;;;;;;;;;;;;;;;;;;;;;;;;;;;;;;;;;;;;;;;;;;;;;;;;;;;;;;;;;;;;;;;;;;;;;;0;0,00;0,000;0,00;0,00;0,000000
GS.3.4;No;;H.3.4;;X;;;;;X;X;X;P;;;;;;;;;X;X;;P;;;;;0,89;;;;;0,76;0,76;0,76;0,76;;;;;;;;;0,85;0,85;;0,85;;;;;0,89;;;;;0,74;0,74;0,74;0,74;;;;;;;;;0,84;0,84;;0,84;;;;;0,78;;;;;0,49;0,49;0,49;0,49;;;;;;;;;0,68;0,68;;0,68;;;;8;6,49;3,545;6,38;4,77;0,358995
GS.3.5;No;;H.3.5;X;X;X;X;X;;;;;;;;;;;;;;;;;;;;;0,89;0,89;0,89;0,89;0,80;;;;;;;;;;;;;;;;;;;;;0,89;0,89;0,89;0,89;0,80;;;;;;;;;;;;;;;;;;;;;0,78;0,78;0,78;0,78;0,80;;;;;;;;;;;;;;;;;;;;;5;4,35;1,687;4,35;3,90;0,321474
GS.3.6;No;;;;;;;X;;X;;;;X;X;;;;;X;;;;X;;X;X;;;;;;0,80;;0,76;;;;0,75;0,72;;;;;0,75;;;;0,85;;0,60;0,74;;;;;;0,80;;0,74;;;;0,75;0,72;;;;;0,75;;;;0,84;;0,60;0,74;;;;;;0,80;;0,49;;;;0,75;0,72;;;;;0,75;;;;0,68;;0,60;0,74;;8;5,97;5,405;5,94;5,53;0,272529
GS.3.8;No;;;;;;;;;;;;;;;;;;;X;;;;;;;;;;;;;;;;;;;;;;;;;0,75;;;;;;;;;;;;;;;;;;;;;;;;;0,75;;;;;;;;;;;;;;;;;;;;;;;;;0,75;;;;;;;;;1;0,75;0,750;0,75;0,75;0,038417
"L0.3.3; L0_ii.3.2; L1.3.2; Q0_ii.3.2; Q0_iii.3.3; Q0_iv.3.1; Q1.3.7; Q2.3.1; M0_ii.3.1; M0_iii.3.1";Yes;Scope misalignment;;X;X;;;X;;;X;X;X;X;X;;X;X;;;;;;;;;;;0,89;0,89;;;0,80;;;0,76;0,76;0,76;0,75;0,72;;0,66;0,66;;;;;;;;;;;0,89;0,89;;;0,80;;;0,74;0,74;0,74;0,75;0,72;;0,65;0,65;;;;;;;;;;;0,78;0,78;;;0,80;;;0,49;0,49;0,49;0,75;0,72;;0,49;0,49;;;;;;;;;;;10;7,64;3,616;7,58;6,28;0,427714
"L1.3.4; Q1.3.9; Q2.3.5";Yes;Template drift;;;;;;X;;;;;;X;X;;;;;;;;;;;;;;;;;;0,80;;;;;;0,75;0,72;;;;;;;;;;;;;;;;;;0,80;;;;;;0,75;0,72;;;;;;;;;;;;;;;;;;0,80;;;;;;0,75;0,72;;;;;;;;;;;;;;3;2,27;2,274;2,27;2,27;0,113009
Q0.3.2;Yes;Contextual misfit;;;;;;;;X;;;;;;;;;;;;;;;;;;;;;;;;;0,76;;;;;;;;;;;;;;;;;;;;;;;;;0,74;;;;;;;;;;;;;;;;;;;;;;;;;0,49;;;;;;;;;;;;;;;;;;;1;0,76;0,190;0,74;0,49;0,032545
Q0.3.7;Yes;Contextual misfit;;;;;;;;X;;;;;;;;;;;;;;;;;;;;;;;;;0,76;;;;;;;;;;;;;;;;;;;;;;;;;0,74;;;;;;;;;;;;;;;;;;;;;;;;;0,49;;;;;;;;;;;;;;;;;;;1;0,76;0,190;0,74;0,49;0,032545
Q0.3.8;Yes;Template drift;;;;;;;;X;;;;;;;;;;;;;;;;;;;;;;;;;0,76;;;;;;;;;;;;;;;;;;;;;;;;;0,74;;;;;;;;;;;;;;;;;;;;;;;;;0,49;;;;;;;;;;;;;;;;;;;1;0,76;0,190;0,74;0,49;0,032545
Q0.3.9;Yes;Template drift;;;;;;;;X;;;;;;;;;;;;;;;;;;;;;;;;;0,76;;;;;;;;;;;;;;;;;;;;;;;;;0,74;;;;;;;;;;;;;;;;;;;;;;;;;0,49;;;;;;;;;;;;;;;;;;;1;0,76;0,190;0,74;0,49;0,032545
Q0_ii.3.3;Yes;Contextual misfit;;;;;;;;;X;;;;;;;;;;;;;;;;;;;;;;;;;0,76;;;;;;;;;;;;;;;;;;;;;;;;;0,74;;;;;;;;;;;;;;;;;;;;;;;;;0,49;;;;;;;;;;;;;;;;;;1;0,76;0,190;0,74;0,49;0,046404
Q0_iii.3.4;Yes;Template drift;;;;;;;;;;X;;;;;;;;;;;;;;;;;;;;;;;;;0,76;;;;;;;;;;;;;;;;;;;;;;;;;0,74;;;;;;;;;;;;;;;;;;;;;;;;;0,49;;;;;;;;;;;;;;;;;1;0,76;0,190;0,74;0,49;0,039036
Q0_iii.3.5;Yes;Contextual misfit;;;;;;;;;;X;;;;;;;;;;;;;;;;;;;;;;;;;0,76;;;;;;;;;;;;;;;;;;;;;;;;;0,74;;;;;;;;;;;;;;;;;;;;;;;;;0,49;;;;;;;;;;;;;;;;;1;0,76;0,190;0,74;0,49;0,039036
Q0_iii.3.6;Yes;Architectural infeasibility;;;;;;;;;;X;;;;;;;;;;;;;;;;;;;;;;;;;0,76;;;;;;;;;;;;;;;;;;;;;;;;;0,74;;;;;;;;;;;;;;;;;;;;;;;;;0,49;;;;;;;;;;;;;;;;;1;0,76;0,190;0,74;0,49;0,039036
Q1.3.6;Yes;Scope misalignment;;;;;;;;;;;;X;;;;;;;;;;;;;;;;;;;;;;;;;0,75;;;;;;;;;;;;;;;;;;;;;;;;;0,75;;;;;;;;;;;;;;;;;;;;;;;;;0,75;;;;;;;;;;;;;;;1;0,75;0,750;0,75;0,75;0,027441
M0.3.4;Yes;Template drift;;;;;;;;;;;;;;X;;;;;;;;;;;;;;;;;;;;;;;;;0,66;;;;;;;;;;;;;;;;;;;;;;;;;0,65;;;;;;;;;;;;;;;;;;;;;;;;;0,49;;;;;;;;;;;;;1;0,66;0,165;0,65;0,49;0,044781
"M0_ii.3.2; M0_iv.3.2";Yes;Scope misalignment;;;;;;;;;;;;;;;X;;X;;;;;;;;;;;;;;;;;;;;;;;0,66;;0,66;;;;;;;;;;;;;;;;;;;;;;;0,65;;0,65;;;;;;;;;;;;;;;;;;;;;;;0,49;;0,49;;;;;;;;;;2;1,32;0,329;1,31;0,98;0,041770
"M0_ii.3.3; M0_iv.3.3";Yes;Scope misalignment;;;;;;;;;;;;;;;X;;X;;;;;;;;;;;;;;;;;;;;;;;0,66;;0,66;;;;;;;;;;;;;;;;;;;;;;;0,65;;0,65;;;;;;;;;;;;;;;;;;;;;;;0,49;;0,49;;;;;;;;;;2;1,32;0,329;1,31;0,98;0,041770
G0_iii.3.2;Yes;Template drift;;;;;;;;;;;;;;;;;;;;;;X;;;;;;;;;;;;;;;;;;;;;;;;;0,85;;;;;;;;;;;;;;;;;;;;;;;;;0,84;;;;;;;;;;;;;;;;;;;;;;;;;0,68;;;;;1;0,85;0,855;0,84;0,68;0,040916
G0_iv.3.3;Yes;Template drift;;;;;;;;;;;;;;;;;;;;;;;X;;;;;;;;;;;;;;;;;;;;;;;;;0,85;;;;;;;;;;;;;;;;;;;;;;;;;0,84;;;;;;;;;;;;;;;;;;;;;;;;;0,68;;;;1;0,85;0,855;0,84;0,68;0,040040
G1.3.4;Yes;Template drift;;;;;;;;;;;;;;;;;;;;;;;;X;;;;;;;;;;;;;;;;;;;;;;;;;0,60;;;;;;;;;;;;;;;;;;;;;;;;;0,60;;;;;;;;;;;;;;;;;;;;;;;;;0,60;;;1;0,60;0,600;0,60;0,60;0,020949
"G1.3.5; G2.3.5";Yes;Template drift;;;;;;;;;;;;;;;;;;;;;;;;X;X;;;;;;;;;;;;;;;;;;;;;;;;0,60;0,74;;;;;;;;;;;;;;;;;;;;;;;;0,60;0,74;;;;;;;;;;;;;;;;;;;;;;;;0,60;0,74;;2;1,34;1,337;1,34;1,34;0,047642
GS.4.1;No;;H.4.1;X;X;X;P;X;X;X;P;P;P;;P;;;;;P;P;;;;;;;;0,89;0,89;0,89;0,89;0,80;0,89;0,76;0,76;0,76;0,76;;0,72;;;;;0,75;0,61;;;;;;;;0,89;0,89;0,89;0,89;0,80;0,89;0,74;0,74;0,74;0,74;;0,72;;;;;0,75;0,61;;;;;;;;0,78;0,78;0,78;0,78;0,80;0,89;0,49;0,49;0,49;0,49;;0,72;;;;;0,75;0,61;;;;;;;;13;10,36;5,419;10,28;8,84;0,653754
GS.4.2;No;;H.4.2;X;X;X;P;X;X;;P;P;P;;;;;;;P;P;;;;;;;;0,89;0,89;0,89;0,89;0,80;0,89;;0,76;0,76;0,76;;;;;;;0,75;0,61;;;;;;;;0,89;0,89;0,89;0,89;0,80;0,89;;0,74;0,74;0,74;;;;;;;0,75;0,61;;;;;;;;0,78;0,78;0,78;0,78;0,80;0,89;;0,49;0,49;0,49;;;;;;;0,75;0,61;;;;;;;;11;8,87;4,505;8,82;7,63;0,584415
GS.4.3;No;;H.4.3;X;X;X;P;;X;P;P;P;P;;P;;;;;P;P;;;;;;;;0,89;0,89;0,89;0,89;;0,89;0,76;0,76;0,76;0,76;;0,72;;;;;0,75;0,61;;;;;;;;0,89;0,89;0,89;0,89;;0,89;0,74;0,74;0,74;0,74;;0,72;;;;;0,75;0,61;;;;;;;;0,78;0,78;0,78;0,78;;0,89;0,49;0,49;0,49;0,49;;0,72;;;;;0,75;0,61;;;;;;;;12;9,56;4,619;9,48;8,04;0,604980
GS.4.4;No;;H.4.4;X;;;;;;X;;P;P;;;;;;;P;P;;;;;;;;0,89;;;;;;0,76;;0,76;0,76;;;;;;;0,75;0,61;;;;;;;;0,89;;;;;;0,74;;0,74;0,74;;;;;;;0,75;0,61;;;;;;;;0,78;;;;;;0,49;;0,49;0,49;;;;;;;0,75;0,61;;;;;;;;6;4,52;2,147;4,46;3,61;0,276779
GS.4.5;No;;H.4.5;X;X;X;P;X;X;X;;P;P;;P;;;;;P;P;;;;;X;;;0,89;0,89;0,89;0,89;0,80;0,89;0,76;;0,76;0,76;;0,72;;;;;0,75;0,61;;;;;0,60;;;0,89;0,89;0,89;0,89;0,80;0,89;0,74;;0,74;0,74;;0,72;;;;;0,75;0,61;;;;;0,60;;;0,78;0,78;0,78;0,78;0,80;0,89;0,49;;0,49;0,49;;0,72;;;;;0,75;0,61;;;;;0,60;;;13;10,20;5,829;10,14;8,95;0,628299
GS.4.6;No;;H.4.6;;;;;;;;X;;X;;;;;;;;;;;;;;;;;;;;;;;0,76;;0,76;;;;;;;;;;;;;;;;;;;;;;;0,74;;0,74;;;;;;;;;;;;;;;;;;;;;;;0,49;;0,49;;;;;;;;;;;;;;;;2;1,52;0,379;1,48;0,98;0,104788
GS.4.7;No;;H.4.7;P;P;P;P;P;P;X;X;X;X;X;P;X;X;X;X;X;X;;X;X;P;P;P;;0,89;0,89;0,89;0,89;0,80;0,89;0,76;0,76;0,76;0,76;0,75;0,72;0,66;0,66;0,66;0,66;0,75;0,61;;0,85;0,85;0,85;0,60;0,74;;0,89;0,89;0,89;0,89;0,80;0,89;0,74;0,74;0,74;0,74;0,75;0,72;0,65;0,65;0,65;0,65;0,75;0,61;;0,84;0,84;0,84;0,60;0,74;;0,78;0,78;0,78;0,78;0,80;0,89;0,49;0,49;0,49;0,49;0,75;0,72;0,49;0,49;0,49;0,49;0,75;0,61;;0,68;0,68;0,68;0,60;0,74;;23;17,64;10,728;17,51;14,92;0,958337
GS.4.8;No;;H.4.8;P;;;;;;P;P;P;P;;;;;;;;X;P;P;;;;;;0,89;;;;;;0,76;0,76;0,76;0,76;;;;;;;;0,61;0,85;0,85;;;;;;0,89;;;;;;0,74;0,74;0,74;0,74;;;;;;;;0,61;0,84;0,84;;;;;;0,78;;;;;;0,49;0,49;0,49;0,49;;;;;;;;0,61;0,68;0,68;;;;;;8;6,24;3,296;6,14;4,70;0,369096
GS.4.9;No;;;X;;;;;;;;;;;;;;;;;;;;;;;;;0,89;;;;;;;;;;;;;;;;;;;;;;;;;0,89;;;;;;;;;;;;;;;;;;;;;;;;;0,78;;;;;;;;;;;;;;;;;;;;;;;;;1;0,89;0,222;0,89;0,78;0,082088
GS.4.10;No;;;X;;;;X;;;;;;;;X;X;X;X;;;;;;;;;;0,89;;;;0,80;;;;;;;;0,66;0,66;0,66;0,66;;;;;;;;;;0,89;;;;0,80;;;;;;;;0,65;0,65;0,65;0,65;;;;;;;;;;0,78;;;;0,80;;;;;;;;0,49;0,49;0,49;0,49;;;;;;;;;;6;4,32;1,680;4,30;3,54;0,236739
GS.4.11;No;;;X;;;;;;;;;;;;X;X;X;X;;;;;;;;;;0,89;;;;;;;;;;;;0,66;0,66;0,66;0,66;;;;;;;;;;0,89;;;;;;;;;;;;0,65;0,65;0,65;0,65;;;;;;;;;;0,78;;;;;;;;;;;;0,49;0,49;0,49;0,49;;;;;;;;;;5;3,52;0,880;3,50;2,74;0,187965
GS.4.12;No;;;X;;;;X;;;;;;;;X;X;X;X;;;;;;;;;;0,89;;;;0,80;;;;;;;;0,66;0,66;0,66;0,66;;;;;;;;;;0,89;;;;0,80;;;;;;;;0,65;0,65;0,65;0,65;;;;;;;;;;0,78;;;;0,80;;;;;;;;0,49;0,49;0,49;0,49;;;;;;;;;;6;4,32;1,680;4,30;3,54;0,236739
GS.4.14;No;;;;;;;;X;;;;;;;;;;;;;;;;;;;;;;;;;0,89;;;;;;;;;;;;;;;;;;;;;;;;;0,89;;;;;;;;;;;;;;;;;;;;;;;;;0,89;;;;;;;;;;;;;;;;;;;;1;0,89;0,893;0,89;0,89;0,054391
GS.4.15;No;;;;;;;;;X;X;X;X;;;;;;;;;;;;;;;;;;;;;;0,76;0,76;0,76;0,76;;;;;;;;;;;;;;;;;;;;;;0,74;0,74;0,74;0,74;;;;;;;;;;;;;;;;;;;;;;0,49;0,49;0,49;0,49;;;;;;;;;;;;;;;;4;3,04;0,759;2,96;1,97;0,176369
GS.4.16;No;;;;;;;;;X;X;X;X;;;;;;;;;;;;;;;;;;;;;;0,76;0,76;0,76;0,76;;;;;;;;;;;;;;;;;;;;;;0,74;0,74;0,74;0,74;;;;;;;;;;;;;;;;;;;;;;0,49;0,49;0,49;0,49;;;;;;;;;;;;;;;;4;3,04;0,759;2,96;1,97;0,176369
GS.4.17;No;;;;;;;;;X;X;X;X;;;;;;;;;;;;;;;;;;;;;;0,76;0,76;0,76;0,76;;;;;;;;;;;;;;;;;;;;;;0,74;0,74;0,74;0,74;;;;;;;;;;;;;;;;;;;;;;0,49;0,49;0,49;0,49;;;;;;;;;;;;;;;;4;3,04;0,759;2,96;1,97;0,176369
GS.4.18;No;;;;;;;;;;;;X;;X;;;X;;;;;;;;;;;;;;;;;;;;0,76;;0,72;;;0,66;;;;;;;;;;;;;;;;;;;;0,74;;0,72;;;0,65;;;;;;;;;;;;;;;;;;;;0,49;;0,72;;;0,49;;;;;;;;;;;3;2,14;1,078;2,12;1,71;0,114504
GS.4.19;No;;;;;;;;;;;;;;;;;;;;;X;;X;X;;;;;;;;;;;;;;;;;;;;;;0,85;;0,85;0,85;;;;;;;;;;;;;;;;;;;;;;0,84;;0,84;0,84;;;;;;;;;;;;;;;;;;;;;;0,68;;0,68;0,68;;;;3;2,56;2,564;2,53;2,03;0,122619
GS.4.20;No;;;;;;;;;;;;;;;;;;;;;;;;;;;;;;;;;;;;;;;;;;;;;;;;;;;;;;;;;;;;;;;;;;;;;;;;;;;;;;;;;;;;;;;;;;;;;;;;;;;;;;;0;0,00;0,000;0,00;0,00;0,000000
GS.4.21;No;;;;;;;;;;;;;;;;;;;;;;;;;;;;;;;;;;;;;;;;;;;;;;;;;;;;;;;;;;;;;;;;;;;;;;;;;;;;;;;;;;;;;;;;;;;;;;;;;;;;;;;0;0,00;0,000;0,00;0,00;0,000000
Q0.4.2;Yes;Template drift;;;;;;;;X;;;;;;;;;;;;;;;;;;;;;;;;;0,76;;;;;;;;;;;;;;;;;;;;;;;;;0,74;;;;;;;;;;;;;;;;;;;;;;;;;0,49;;;;;;;;;;;;;;;;;;;1;0,76;0,190;0,74;0,49;0,032545
Q0.4.7;Yes;Contextual misfit;;;;;;;;X;;;;;;;;;;;;;;;;;;;;;;;;;0,76;;;;;;;;;;;;;;;;;;;;;;;;;0,74;;;;;;;;;;;;;;;;;;;;;;;;;0,49;;;;;;;;;;;;;;;;;;;1;0,76;0,190;0,74;0,49;0,032545
Q0.4.11;Yes;Template drift;;;;;;;;X;;;;;;;;;;;;;;;;;;;;;;;;;0,76;;;;;;;;;;;;;;;;;;;;;;;;;0,74;;;;;;;;;;;;;;;;;;;;;;;;;0,49;;;;;;;;;;;;;;;;;;;1;0,76;0,190;0,74;0,49;0,032545
Q0.4.12;Yes;Template drift;;;;;;;;X;;;;;;;;;;;;;;;;;;;;;;;;;0,76;;;;;;;;;;;;;;;;;;;;;;;;;0,74;;;;;;;;;;;;;;;;;;;;;;;;;0,49;;;;;;;;;;;;;;;;;;;1;0,76;0,190;0,74;0,49;0,032545
Q0_ii.4.2;Yes;Template drift;;;;;;;;;X;;;;;;;;;;;;;;;;;;;;;;;;;0,76;;;;;;;;;;;;;;;;;;;;;;;;;0,74;;;;;;;;;;;;;;;;;;;;;;;;;0,49;;;;;;;;;;;;;;;;;;1;0,76;0,190;0,74;0,49;0,046404
Q0_iii.4.3;Yes;Scope misalignment;;;;;;;;;;X;;;;;;;;;;;;;;;;;;;;;;;;;0,76;;;;;;;;;;;;;;;;;;;;;;;;;0,74;;;;;;;;;;;;;;;;;;;;;;;;;0,49;;;;;;;;;;;;;;;;;1;0,76;0,190;0,74;0,49;0,039036
Q0_iii.4.4;Yes;Contextual misfit;;;;;;;;;;X;;;;;;;;;;;;;;;;;;;;;;;;;0,76;;;;;;;;;;;;;;;;;;;;;;;;;0,74;;;;;;;;;;;;;;;;;;;;;;;;;0,49;;;;;;;;;;;;;;;;;1;0,76;0,190;0,74;0,49;0,039036
"Q0_iv.4.4; Q2.4.1";Yes;Scope misalignment;;;;;;;;;;;X;;X;;;;;;;;;;;;;;;;;;;;;;;0,76;;0,72;;;;;;;;;;;;;;;;;;;;;;;0,74;;0,72;;;;;;;;;;;;;;;;;;;;;;;0,49;;0,72;;;;;;;;;;;;;;2;1,48;0,914;1,46;1,22;0,095178
Q2.4.2;Yes;Scope misalignment;;;;;;;;;;;;;X;;;;;;;;;;;;;;;;;;;;;;;;;0,72;;;;;;;;;;;;;;;;;;;;;;;;;0,72;;;;;;;;;;;;;;;;;;;;;;;;;0,72;;;;;;;;;;;;;;1;0,72;0,724;0,72;0,72;0,036794
M0_iii.4.2;Yes;Template drift;;;;;;;;;;;;;;;;X;;;;;;;;;;;;;;;;;;;;;;;;;0,66;;;;;;;;;;;;;;;;;;;;;;;;;0,65;;;;;;;;;;;;;;;;;;;;;;;;;0,49;;;;;;;;;;;1;0,66;0,165;0,65;0,49;0,019326
G0.4.1;Yes;Template drift;;;;;;;;;;;;;;;;;;;;X;;;;;;;;;;;;;;;;;;;;;;;;;0,85;;;;;;;;;;;;;;;;;;;;;;;;;0,84;;;;;;;;;;;;;;;;;;;;;;;;;0,68;;;;;;;1;0,85;0,855;0,84;0,68;0,041663
G0.4.2;Yes;Template drift;;;;;;;;;;;;;;;;;;;;X;;;;;;;;;;;;;;;;;;;;;;;;;0,85;;;;;;;;;;;;;;;;;;;;;;;;;0,84;;;;;;;;;;;;;;;;;;;;;;;;;0,68;;;;;;;1;0,85;0,855;0,84;0,68;0,041663
G0_iv.4.2;Yes;Template drift;;;;;;;;;;;;;;;;;;;;;;;X;;;;;;;;;;;;;;;;;;;;;;;;;0,85;;;;;;;;;;;;;;;;;;;;;;;;;0,84;;;;;;;;;;;;;;;;;;;;;;;;;0,68;;;;1;0,85;0,855;0,84;0,68;0,040040
G1.4.2;Yes;Contextual misfit;;;;;;;;;;;;;;;;;;;;;;;;X;;;;;;;;;;;;;;;;;;;;;;;;;0,60;;;;;;;;;;;;;;;;;;;;;;;;;0,60;;;;;;;;;;;;;;;;;;;;;;;;;0,60;;;1;0,60;0,600;0,60;0,60;0,020949
G1.4.3;Yes;Template drift;;;;;;;;;;;;;;;;;;;;;;;;X;;;;;;;;;;;;;;;;;;;;;;;;;0,60;;;;;;;;;;;;;;;;;;;;;;;;;0,60;;;;;;;;;;;;;;;;;;;;;;;;;0,60;;;1;0,60;0,600;0,60;0,60;0,020949
GS.5.1;No;;H.5.1;X;X;X;X;X;X;X;X;X;X;X;X;X;X;X;X;X;X;X;X;X;X;X;X;;0,89;0,89;0,89;0,89;0,80;0,89;0,76;0,76;0,76;0,76;0,75;0,72;0,66;0,66;0,66;0,66;0,75;0,61;0,85;0,85;0,85;0,85;0,60;0,74;;0,89;0,89;0,89;0,89;0,80;0,89;0,74;0,74;0,74;0,74;0,75;0,72;0,65;0,65;0,65;0,65;0,75;0,61;0,84;0,84;0,84;0,84;0,60;0,74;;0,78;0,78;0,78;0,78;0,80;0,89;0,49;0,49;0,49;0,49;0,75;0,72;0,49;0,49;0,49;0,49;0,75;0,61;0,68;0,68;0,68;0,68;0,60;0,74;;24;18,49;11,582;18,36;15,59;1,000000
GS.5.2;No;;H.5.2;P;P;P;P;;;X;X;X;X;X;;;;;;;;X;X;X;X;;X;;0,89;0,89;0,89;0,89;;;0,76;0,76;0,76;0,76;0,75;;;;;;;;0,85;0,85;0,85;0,85;;0,74;;0,89;0,89;0,89;0,89;;;0,74;0,74;0,74;0,74;0,75;;;;;;;;0,84;0,84;0,84;0,84;;0,74;;0,78;0,78;0,78;0,78;;;0,49;0,49;0,49;0,49;0,75;;;;;;;;0,68;0,68;0,68;0,68;;0,74;;14;11,49;6,551;11,37;9,26;0,668489
GS.5.3;No;;;X;X;X;X;X;X;;;;;;;;;;;;;;;;;;;;0,89;0,89;0,89;0,89;0,80;0,89;;;;;;;;;;;;;;;;;;;;0,89;0,89;0,89;0,89;0,80;0,89;;;;;;;;;;;;;;;;;;;;0,78;0,78;0,78;0,78;0,80;0,89;;;;;;;;;;;;;;;;;;;;6;5,24;2,580;5,24;4,80;0,375865
GS.5.4;No;;;;;;;;X;;;;;;;;;;;;;;;;;;;;;;;;;0,89;;;;;;;;;;;;;;;;;;;;;;;;;0,89;;;;;;;;;;;;;;;;;;;;;;;;;0,89;;;;;;;;;;;;;;;;;;;;1;0,89;0,893;0,89;0,89;0,054391
GS.5.5;No;;;;;;;;;;;;;;;X;;;X;;;;;;;;;;;;;;;;;;;;;;0,66;;;0,66;;;;;;;;;;;;;;;;;;;;;;0,65;;;0,65;;;;;;;;;;;;;;;;;;;;;;0,49;;;0,49;;;;;;;;;;2;1,32;0,329;1,31;0,98;0,075340
GS.5.6;No;;;;;;;;;;X;X;;;;;;;;;;;;X;;X;;;;;;;;;;0,76;0,76;;;;;;;;;;;;0,85;;0,60;;;;;;;;;;0,74;0,74;;;;;;;;;;;;0,84;;0,60;;;;;;;;;;0,49;0,49;;;;;;;;;;;;0,68;;0,60;;;4;2,97;1,834;2,92;2,26;0,147305
"L0.5.4; L0_iv.5.3";Yes;Responsibility leakage;;X;;;X;;;;;;;;;;;;;;;;;;;;;;0,89;;;0,89;;;;;;;;;;;;;;;;;;;;;;0,89;;;0,89;;;;;;;;;;;;;;;;;;;;;;0,78;;;0,78;;;;;;;;;;;;;;;;;;;;;;2;1,77;0,443;1,77;1,55;0,148330
"M0.5.3; M0_iii.5.3";Yes;Architectural infeasibility;;;;;;;;;;;;;;X;;X;;;;;;;;;;;;;;;;;;;;;;;0,66;;0,66;;;;;;;;;;;;;;;;;;;;;;;0,65;;0,65;;;;;;;;;;;;;;;;;;;;;;;0,49;;0,49;;;;;;;;;;;2;1,32;0,329;1,31;0,98;0,064107
G0_iv.5.1;Yes;Template drift;;;;;;;;;;;;;;;;;;;;;;;X;;;;;;;;;;;;;;;;;;;;;;;;;0,85;;;;;;;;;;;;;;;;;;;;;;;;;0,84;;;;;;;;;;;;;;;;;;;;;;;;;0,68;;;;1;0,85;0,855;0,84;0,68;0,040040
G0_iv.5.2;Yes;Template drift;;;;;;;;;;;;;;;;;;;;;;;X;;;;;;;;;;;;;;;;;;;;;;;;;0,85;;;;;;;;;;;;;;;;;;;;;;;;;0,84;;;;;;;;;;;;;;;;;;;;;;;;;0,68;;;;1;0,85;0,855;0,84;0,68;0,040040
G1.5.2;Yes;Template drift;;;;;;;;;;;;;;;;;;;;;;;;X;;;;;;;;;;;;;;;;;;;;;;;;;0,60;;;;;;;;;;;;;;;;;;;;;;;;;0,60;;;;;;;;;;;;;;;;;;;;;;;;;0,60;;;1;0,60;0,600;0,60;0,60;0,020949
GS.6.1;No;;H.6.1;X;X;P;P;X;X;X;X;X;X;X;X;X;X;X;X;P;X;X;X;X;X;X;X;;0,89;0,89;0,89;0,89;0,80;0,89;0,76;0,76;0,76;0,76;0,75;0,72;0,66;0,66;0,66;0,66;0,75;0,61;0,85;0,85;0,85;0,85;0,60;0,74;;0,89;0,89;0,89;0,89;0,80;0,89;0,74;0,74;0,74;0,74;0,75;0,72;0,65;0,65;0,65;0,65;0,75;0,61;0,84;0,84;0,84;0,84;0,60;0,74;;0,78;0,78;0,78;0,78;0,80;0,89;0,49;0,49;0,49;0,49;0,75;0,72;0,49;0,49;0,49;0,49;0,75;0,61;0,68;0,68;0,68;0,68;0,60;0,74;;24;18,49;11,582;18,36;15,59;1,000000
GS.6.2;No;;;X;X;X;X;;;;;;;;;;;;;;;;;;;;;;0,89;0,89;0,89;0,89;;;;;;;;;;;;;;;;;;;;;;0,89;0,89;0,89;0,89;;;;;;;;;;;;;;;;;;;;;;0,78;0,78;0,78;0,78;;;;;;;;;;;;;;;;;;;;;;4;3,55;0,887;3,55;3,10;0,272700
GS.6.3;No;;;;;;;;;;;;;;;X;;;;;;;;;;;;;;;;;;;;;;;;;0,66;;;;;;;;;;;;;;;;;;;;;;;;;0,65;;;;;;;;;;;;;;;;;;;;;;;;;0,49;;;;;;;;;;;;;1;0,66;0,165;0,65;0,49;0,044781
GS.6.4;No;;;;;;;;;;;;;;;;;;;;;X;;X;;;;;;;;;;;;;;;;;;;;;;;0,85;;0,85;;;;;;;;;;;;;;;;;;;;;;;0,84;;0,84;;;;;;;;;;;;;;;;;;;;;;;0,68;;0,68;;;;;2;1,71;1,709;1,68;1,35;0,082579
L0_ii.6.2;Yes;Template drift;;;X;;;;;;;;;;;;;;;;;;;;;;;;;0,89;;;;;;;;;;;;;;;;;;;;;;;;;0,89;;;;;;;;;;;;;;;;;;;;;;;;;0,78;;;;;;;;;;;;;;;;;;;;;;;;1;0,89;0,222;0,89;0,78;0,058256
G0.6.3;Yes;Template drift;;;;;;;;;;;;;;;;;;;;X;;;;;;;;;;;;;;;;;;;;;;;;;0,85;;;;;;;;;;;;;;;;;;;;;;;;;0,84;;;;;;;;;;;;;;;;;;;;;;;;;0,68;;;;;;;1;0,85;0,855;0,84;0,68;0,041663
GS.7.1;No;;H.7.1;X;X;X;X;X;X;P;P;P;P;P;P;P;P;P;P;P;P;X;X;X;X;X;P;;0,89;0,89;0,89;0,89;0,80;0,89;0,76;0,76;0,76;0,76;0,75;0,72;0,66;0,66;0,66;0,66;0,75;0,61;0,85;0,85;0,85;0,85;0,60;0,74;;0,89;0,89;0,89;0,89;0,80;0,89;0,74;0,74;0,74;0,74;0,75;0,72;0,65;0,65;0,65;0,65;0,75;0,61;0,84;0,84;0,84;0,84;0,60;0,74;;0,78;0,78;0,78;0,78;0,80;0,89;0,49;0,49;0,49;0,49;0,75;0,72;0,49;0,49;0,49;0,49;0,75;0,61;0,68;0,68;0,68;0,68;0,60;0,74;;24;18,49;11,582;18,36;15,59;1,000000
GS.7.2;No;;H.7.2;;X;X;X;X;X;;;;;;X;P;;;P;P;P;X;X;X;X;;;;;0,89;0,89;0,89;0,80;0,89;;;;;;0,72;0,66;;;0,66;0,75;0,61;0,85;0,85;0,85;0,85;;;;;0,89;0,89;0,89;0,80;0,89;;;;;;0,72;0,65;;;0,65;0,75;0,61;0,84;0,84;0,84;0,84;;;;;0,78;0,78;0,78;0,80;0,89;;;;;;0,72;0,49;;;0,49;0,75;0,61;0,68;0,68;0,68;0,68;;;;14;11,17;8,186;11,11;9,78;0,635923
GS.7.3;No;;H.7.3;;;X;X;;X;X;X;X;X;;;;;;;X;;X;;X;X;;;;;;0,89;0,89;;0,89;0,76;0,76;0,76;0,76;;;;;;;0,75;;0,85;;0,85;0,85;;;;;;0,89;0,89;;0,89;0,74;0,74;0,74;0,74;;;;;;;0,75;;0,84;;0,84;0,84;;;;;;0,78;0,78;;0,89;0,49;0,49;0,49;0,49;;;;;;;0,75;;0,68;;0,68;0,68;;;;11;9,02;5,409;8,91;7,19;0,524152
GS.7.4;No;;;X;;;X;;;;;;;;;;;;;;;;;;;;;;0,89;;;0,89;;;;;;;;;;;;;;;;;;;;;;0,89;;;0,89;;;;;;;;;;;;;;;;;;;;;;0,78;;;0,78;;;;;;;;;;;;;;;;;;;;;;2;1,77;0,443;1,77;1,55;0,148330
GS.7.5;No;;;X;;;;;X;;;;;;;X;X;;;X;X;;;;;;;;0,89;;;;;0,89;;;;;;;0,66;0,66;;;0,75;0,61;;;;;;;;0,89;;;;;0,89;;;;;;;0,65;0,65;;;0,75;0,61;;;;;;;;0,78;;;;;0,89;;;;;;;0,49;0,49;;;0,75;0,61;;;;;;;;6;4,45;2,800;4,44;4,01;0,257197
GS.7.6;No;;;X;;X;X;;;;;;;;;;;;;;;;;;;;;;0,89;;0,89;0,89;;;;;;;;;;;;;;;;;;;;;;0,89;;0,89;0,89;;;;;;;;;;;;;;;;;;;;;;0,78;;0,78;0,78;;;;;;;;;;;;;;;;;;;;;;3;2,66;0,665;2,66;2,33;0,214444
GS.7.7;No;;;;;;;X;;;;;;;;;;;;;;;;;;;;;;;;;0,80;;;;;;;;;;;;;;;;;;;;;;;;;0,80;;;;;;;;;;;;;;;;;;;;;;;;;0,80;;;;;;;;;;;;;;;;;;;;;1;0,80;0,800;0,80;0,80;0,048774
GS.7.8;No;;;;;;;X;;;;;;;;;;;;;;;;;;;;;;;;;0,80;;;;;;;;;;;;;;;;;;;;;;;;;0,80;;;;;;;;;;;;;;;;;;;;;;;;;0,80;;;;;;;;;;;;;;;;;;;;;1;0,80;0,800;0,80;0,80;0,048774
GS.7.9;No;;;;;X;;;;;;;;;;;;;;;;;;;;;;;;;0,89;;;;;;;;;;;;;;;;;;;;;;;;;0,89;;;;;;;;;;;;;;;;;;;;;;;;;0,78;;;;;;;;;;;;;;;;;;;;;;;1;0,89;0,222;0,89;0,78;0,066114
GS.7.10;No;;;;;;;;;;;;;;;;;;;;;;;;;;;;;;;;;;;;;;;;;;;;;;;;;;;;;;;;;;;;;;;;;;;;;;;;;;;;;;;;;;;;;;;;;;;;;;;;;;;;;;;0;0,00;0,000;0,00;0,00;0,000000
GS.7.11;No;;;;;;;;;;;;;;;;;;;;;;;;;;;;;;;;;;;;;;;;;;;;;;;;;;;;;;;;;;;;;;;;;;;;;;;;;;;;;;;;;;;;;;;;;;;;;;;;;;;;;;;0;0,00;0,000;0,00;0,00;0,000000
L0_ii.7.2;Yes;Template drift;;;X;;;;;;;;;;;;;;;;;;;;;;;;;0,89;;;;;;;;;;;;;;;;;;;;;;;;;0,89;;;;;;;;;;;;;;;;;;;;;;;;;0,78;;;;;;;;;;;;;;;;;;;;;;;;1;0,89;0,222;0,89;0,78;0,058256
L0_iii.7.2;Yes;Contextual misfit;;;;X;;;;;;;;;;;;;;;;;;;;;;;;;0,89;;;;;;;;;;;;;;;;;;;;;;;;;0,89;;;;;;;;;;;;;;;;;;;;;;;;;0,78;;;;;;;;;;;;;;;;;;;;;;;1;0,89;0,222;0,89;0,78;0,066114
"L0_iii.7.5; M0_ii.7.4";Yes;Contextual misfit;;;;X;;;;;;;;;;;X;;;;;;;;;;;;;;0,89;;;;;;;;;;;0,66;;;;;;;;;;;;;;0,89;;;;;;;;;;;0,65;;;;;;;;;;;;;;0,78;;;;;;;;;;;0,49;;;;;;;;;;;;2;1,54;0,386;1,54;1,27;0,077325
"L0_iii.7.8; Q0_iii.7.4";Yes;Template drift;;;;X;;;;;;X;;;;;;;;;;;;;;;;;;;0,89;;;;;;0,76;;;;;;;;;;;;;;;;;;;0,89;;;;;;0,74;;;;;;;;;;;;;;;;;;;0,78;;;;;;0,49;;;;;;;;;;;;;;;;;2;1,65;0,411;1,63;1,27;0,105150
Q0_iii.7.2;Yes;Contextual misfit;;;;;;;;;;X;;;;;;;;;;;;;;;;;;;;;;;;;0,76;;;;;;;;;;;;;;;;;;;;;;;;;0,74;;;;;;;;;;;;;;;;;;;;;;;;;0,49;;;;;;;;;;;;;;;;;1;0,76;0,190;0,74;0,49;0,039036
M0_ii.7.1;Yes;Architectural infeasibility;;;;;;;;;;;;;;;X;;;;;;;;;;;;;;;;;;;;;;;;;0,66;;;;;;;;;;;;;;;;;;;;;;;;;0,65;;;;;;;;;;;;;;;;;;;;;;;;;0,49;;;;;;;;;;;;1;0,66;0,165;0,65;0,49;0,011211
M0_ii.7.5;Yes;Contextual misfit;;;;;;;;;;;;;;;X;;;;;;;;;;;;;;;;;;;;;;;;;0,66;;;;;;;;;;;;;;;;;;;;;;;;;0,65;;;;;;;;;;;;;;;;;;;;;;;;;0,49;;;;;;;;;;;;1;0,66;0,165;0,65;0,49;0,011211
M0_iv.7.3;Yes;Contextual misfit;;;;;;;;;;;;;;;;;X;;;;;;;;;;;;;;;;;;;;;;;;;0,66;;;;;;;;;;;;;;;;;;;;;;;;;0,65;;;;;;;;;;;;;;;;;;;;;;;;;0,49;;;;;;;;;;1;0,66;0,165;0,65;0,49;0,030559
M0_iv.7.5;Yes;Contextual misfit;;;;;;;;;;;;;;;;;X;;;;;;;;;;;;;;;;;;;;;;;;;0,66;;;;;;;;;;;;;;;;;;;;;;;;;0,65;;;;;;;;;;;;;;;;;;;;;;;;;0,49;;;;;;;;;;1;0,66;0,165;0,65;0,49;0,030559
GS.8.1;No;;H.8.1;X;X;X;X;X;X;X;X;X;X;X;X;X;X;X;X;X;X;X;X;X;X;X;X;;0,89;0,89;0,89;0,89;0,80;0,89;0,76;0,76;0,76;0,76;0,75;0,72;0,66;0,66;0,66;0,66;0,75;0,61;0,85;0,85;0,85;0,85;0,60;0,74;;0,89;0,89;0,89;0,89;0,80;0,89;0,74;0,74;0,74;0,74;0,75;0,72;0,65;0,65;0,65;0,65;0,75;0,61;0,84;0,84;0,84;0,84;0,60;0,74;;0,78;0,78;0,78;0,78;0,80;0,89;0,49;0,49;0,49;0,49;0,75;0,72;0,49;0,49;0,49;0,49;0,75;0,61;0,68;0,68;0,68;0,68;0,60;0,74;;24;18,49;11,582;18,36;15,59;1,000000
GS.8.2;No;;;X;X;X;X;;;;;;;;;;;;;;;;;;;;;;0,89;0,89;0,89;0,89;;;;;;;;;;;;;;;;;;;;;;0,89;0,89;0,89;0,89;;;;;;;;;;;;;;;;;;;;;;0,78;0,78;0,78;0,78;;;;;;;;;;;;;;;;;;;;;;4;3,55;0,887;3,55;3,10;0,272700
GS.8.3;No;;;;;;;;;;;;;;;;;;;;;;;;;;;;;;;;;;;;;;;;;;;;;;;;;;;;;;;;;;;;;;;;;;;;;;;;;;;;;;;;;;;;;;;;;;;;;;;;;;;;;;;0;0,00;0,000;0,00;0,00;0,000000
L0_iii.8.5;Yes;Template drift;;;;X;;;;;;;;;;;;;;;;;;;;;;;;;0,89;;;;;;;;;;;;;;;;;;;;;;;;;0,89;;;;;;;;;;;;;;;;;;;;;;;;;0,78;;;;;;;;;;;;;;;;;;;;;;;1;0,89;0,222;0,89;0,78;0,066114
"M0_ii.8.2; M0_iii.8.1";Yes;Architectural infeasibility;;;;;;;;;;;;;;;X;X;;;;;;;;;;;;;;;;;;;;;;;;0,66;0,66;;;;;;;;;;;;;;;;;;;;;;;;0,65;0,65;;;;;;;;;;;;;;;;;;;;;;;;0,49;0,49;;;;;;;;;;;2;1,32;0,329;1,31;0,98;0,030537
"M0_ii.8.3; M1.8.2; M2.8.3";Yes;Architectural infeasibility;;;;;;;;;;;;;;;X;;;X;X;;;;;;;;;;;;;;;;;;;;;0,66;;;0,75;0,61;;;;;;;;;;;;;;;;;;;;;0,65;;;0,75;0,61;;;;;;;;;;;;;;;;;;;;;0,49;;;0,75;0,61;;;;;;;;3;2,01;1,521;2,01;1,85;0,075937
"M0_ii.8.4; M1.8.3; M2.8.4";Yes;Architectural infeasibility;;;;;;;;;;;;;;;X;;;X;X;;;;;;;;;;;;;;;;;;;;;0,66;;;0,75;0,61;;;;;;;;;;;;;;;;;;;;;0,65;;;0,75;0,61;;;;;;;;;;;;;;;;;;;;;0,49;;;0,75;0,61;;;;;;;;3;2,01;1,521;2,01;1,85;0,075937
"M0_ii.8.5; M1.8.4";Yes;Architectural infeasibility;;;;;;;;;;;;;;;X;;;X;;;;;;;;;;;;;;;;;;;;;;0,66;;;0,75;;;;;;;;;;;;;;;;;;;;;;0,65;;;0,75;;;;;;;;;;;;;;;;;;;;;;0,49;;;0,75;;;;;;;;;2;1,41;0,915;1,40;1,24;0,049628
M0_iii.8.3;Yes;Template drift;;;;;;;;;;;;;;;;X;;;;;;;;;;;;;;;;;;;;;;;;;0,66;;;;;;;;;;;;;;;;;;;;;;;;;0,65;;;;;;;;;;;;;;;;;;;;;;;;;0,49;;;;;;;;;;;1;0,66;0,165;0,65;0,49;0,019326
M0_iv.8.1;Yes;Architectural infeasibility;;;;;;;;;;;;;;;;;X;;;;;;;;;;;;;;;;;;;;;;;;;0,66;;;;;;;;;;;;;;;;;;;;;;;;;0,65;;;;;;;;;;;;;;;;;;;;;;;;;0,49;;;;;;;;;;1;0,66;0,165;0,65;0,49;0,030559
M0_iv.8.2;Yes;Architectural infeasibility;;;;;;;;;;;;;;;;;X;;;;;;;;;;;;;;;;;;;;;;;;;0,66;;;;;;;;;;;;;;;;;;;;;;;;;0,65;;;;;;;;;;;;;;;;;;;;;;;;;0,49;;;;;;;;;;1;0,66;0,165;0,65;0,49;0,030559
M2.8.2;Yes;Architectural infeasibility;;;;;;;;;;;;;;;;;;;X;;;;;;;;;;;;;;;;;;;;;;;;;0,61;;;;;;;;;;;;;;;;;;;;;;;;;0,61;;;;;;;;;;;;;;;;;;;;;;;;;0,61;;;;;;;;1;0,61;0,606;0,61;0,61;0,026309
M2.8.5;Yes;Architectural infeasibility;;;;;;;;;;;;;;;;;;;X;;;;;;;;;;;;;;;;;;;;;;;;;0,61;;;;;;;;;;;;;;;;;;;;;;;;;0,61;;;;;;;;;;;;;;;;;;;;;;;;;0,61;;;;;;;;1;0,61;0,606;0,61;0,61;0,026309
GS.9.1;No;;H.9.1;X;X;X;X;X;X;X;X;X;X;P;;X;X;P;X;X;X;X;X;X;X;X;X;;0,89;0,89;0,89;0,89;0,80;0,89;0,76;0,76;0,76;0,76;0,75;;0,66;0,66;0,66;0,66;0,75;0,61;0,85;0,85;0,85;0,85;0,60;0,74;;0,89;0,89;0,89;0,89;0,80;0,89;0,74;0,74;0,74;0,74;0,75;;0,65;0,65;0,65;0,65;0,75;0,61;0,84;0,84;0,84;0,84;0,60;0,74;;0,78;0,78;0,78;0,78;0,80;0,89;0,49;0,49;0,49;0,49;0,75;;0,49;0,49;0,49;0,49;0,75;0,61;0,68;0,68;0,68;0,68;0,60;0,74;;23;17,77;10,858;17,63;14,87;0,963206
GS.9.2;No;;H.9.2;X;X;X;X;;;X;;;;;;P;;;;;;;;;;;;;0,89;0,89;0,89;0,89;;;0,76;;;;;;0,66;;;;;;;;;;;;;0,89;0,89;0,89;0,89;;;0,74;;;;;;0,65;;;;;;;;;;;;;0,78;0,78;0,78;0,78;;;0,49;;;;;;0,49;;;;;;;;;;;;;6;4,96;1,241;4,94;4,09;0,350026
GS.9.3;No;;H.9.3;X;X;X;X;X;;X;X;X;X;X;X;X;X;X;X;X;X;X;X;X;X;X;X;;0,89;0,89;0,89;0,89;0,80;;0,76;0,76;0,76;0,76;0,75;0,72;0,66;0,66;0,66;0,66;0,75;0,61;0,85;0,85;0,85;0,85;0,60;0,74;;0,89;0,89;0,89;0,89;0,80;;0,74;0,74;0,74;0,74;0,75;0,72;0,65;0,65;0,65;0,65;0,75;0,61;0,84;0,84;0,84;0,84;0,60;0,74;;0,78;0,78;0,78;0,78;0,80;;0,49;0,49;0,49;0,49;0,75;0,72;0,49;0,49;0,49;0,49;0,75;0,61;0,68;0,68;0,68;0,68;0,60;0,74;;23;17,60;10,690;17,46;14,70;0,945609
GS.9.4;No;;;X;X;X;X;;;;;;;;;;;;;;;;;;;;;;0,89;0,89;0,89;0,89;;;;;;;;;;;;;;;;;;;;;;0,89;0,89;0,89;0,89;;;;;;;;;;;;;;;;;;;;;;0,78;0,78;0,78;0,78;;;;;;;;;;;;;;;;;;;;;;4;3,55;0,887;3,55;3,10;0,272700
GS.9.5;No;;;;;;;;X;;;;;;;;;;;;;;;;;;;;;;;;;0,89;;;;;;;;;;;;;;;;;;;;;;;;;0,89;;;;;;;;;;;;;;;;;;;;;;;;;0,89;;;;;;;;;;;;;;;;;;;;1;0,89;0,893;0,89;0,89;0,054391
GS.9.6;No;;;;;;;;;;;;;;X;;;;;;X;X;X;X;X;;;;;;;;;;;;;;;0,72;;;;;;0,61;0,85;0,85;0,85;0,85;;;;;;;;;;;;;;;0,72;;;;;;0,61;0,84;0,84;0,84;0,84;;;;;;;;;;;;;;;0,72;;;;;;0,61;0,68;0,68;0,68;0,68;;;;6;4,75;4,749;4,70;4,03;0,228389
GS.9.7;No;;;;;;;;;;;;;;X;;;;;;;;;;;;;;;;;;;;;;;;;0,72;;;;;;;;;;;;;;;;;;;;;;;;;0,72;;;;;;;;;;;;;;;;;;;;;;;;;0,72;;;;;;;;;;;;;;1;0,72;0,724;0,72;0,72;0,036794
GS.9.8;No;;;;X;X;;;;;;;;;;;;;;;;X;;;;;;;;0,89;0,89;;;;;;;;;;;;;;;;0,85;;;;;;;;0,89;0,89;;;;;;;;;;;;;;;;0,84;;;;;;;;0,78;0,78;;;;;;;;;;;;;;;;0,68;;;;;;;3;2,63;1,298;2,62;2,23;0,166033
Q0.9.4;Yes;Template drift;;;;;;;;X;;;;;;;;;;;;;;;;;;;;;;;;;0,76;;;;;;;;;;;;;;;;;;;;;;;;;0,74;;;;;;;;;;;;;;;;;;;;;;;;;0,49;;;;;;;;;;;;;;;;;;;1;0,76;0,190;0,74;0,49;0,032545
Q0_ii.9.4;Yes;Template drift;;;;;;;;;X;;;;;;;;;;;;;;;;;;;;;;;;;0,76;;;;;;;;;;;;;;;;;;;;;;;;;0,74;;;;;;;;;;;;;;;;;;;;;;;;;0,49;;;;;;;;;;;;;;;;;;1;0,76;0,190;0,74;0,49;0,046404
Q2.9.2;Yes;Architectural infeasibility;;;;;;;;;;;;;X;;;;;;;;;;;;;;;;;;;;;;;;;0,72;;;;;;;;;;;;;;;;;;;;;;;;;0,72;;;;;;;;;;;;;;;;;;;;;;;;;0,72;;;;;;;;;;;;;;1;0,72;0,724;0,72;0,72;0,036794
Q2.9.6;Yes;Architectural infeasibility;;;;;;;;;;;;;X;;;;;;;;;;;;;;;;;;;;;;;;;0,72;;;;;;;;;;;;;;;;;;;;;;;;;0,72;;;;;;;;;;;;;;;;;;;;;;;;;0,72;;;;;;;;;;;;;;1;0,72;0,724;0,72;0,72;0,036794
G1.9.3;Yes;Architectural infeasibility;;;;;;;;;;;;;;;;;;;;;;;;X;;;;;;;;;;;;;;;;;;;;;;;;;0,60;;;;;;;;;;;;;;;;;;;;;;;;;0,60;;;;;;;;;;;;;;;;;;;;;;;;;0,60;;;1;0,60;0,600;0,60;0,60;0,020949
G2.9.4;Yes;Architectural infeasibility;;;;;;;;;;;;;;;;;;;;;;;;;X;;;;;;;;;;;;;;;;;;;;;;;;;0,74;;;;;;;;;;;;;;;;;;;;;;;;;0,74;;;;;;;;;;;;;;;;;;;;;;;;;0,74;;1;0,74;0,737;0,74;0,74;0,026693
GS.10.1;No;;H.10.1;;;;;X;P;;X;X;X;;;X;X;X;X;X;X;;X;;X;;X;;;;;;0,80;0,89;;0,76;0,76;0,76;;;0,66;0,66;0,66;0,66;0,75;0,61;;0,85;;0,85;;0,74;;;;;;0,80;0,89;;0,74;0,74;0,74;;;0,65;0,65;0,65;0,65;0,75;0,61;;0,84;;0,84;;0,74;;;;;;0,80;0,89;;0,49;0,49;0,49;;;0,49;0,49;0,49;0,49;0,75;0,61;;0,68;;0,68;;0,74;;14;10,40;6,722;10,31;8,57;0,526992
GS.10.2;No;;H.10.2;X;P;X;X;X;;;;;;;X;X;X;X;;;X;P;P;P;P;;;;0,89;0,89;0,89;0,89;0,80;;;;;;;0,72;0,66;0,66;0,66;;;0,61;0,85;0,85;0,85;0,85;;;;0,89;0,89;0,89;0,89;0,80;;;;;;;0,72;0,65;0,65;0,65;;;0,61;0,84;0,84;0,84;0,84;;;;0,78;0,78;0,78;0,78;0,80;;;;;;;0,72;0,49;0,49;0,49;;;0,61;0,68;0,68;0,68;0,68;;;;14;11,07;6,929;11,01;9,41;0,625181
GS.10.3;No;;H.10.3;X;;;X;;X;X;;;;X;X;P;P;;;;;X;;;X;X;X;;0,89;;;0,89;;0,89;0,76;;;;0,75;0,72;0,66;0,66;;;;;0,85;;;0,85;0,60;0,74;;0,89;;;0,89;;0,89;0,74;;;;0,75;0,72;0,65;0,65;;;;;0,84;;;0,84;0,60;0,74;;0,78;;;0,78;;0,89;0,49;;;;0,75;0,72;0,49;0,49;;;;;0,68;;;0,68;0,60;0,74;;12;9,26;6,375;9,21;8,08;0,484838
GS.10.4;No;;;X;;;;;;;;;;;;;;;;;;;;;;;;;0,89;;;;;;;;;;;;;;;;;;;;;;;;;0,89;;;;;;;;;;;;;;;;;;;;;;;;;0,78;;;;;;;;;;;;;;;;;;;;;;;;;1;0,89;0,222;0,89;0,78;0,082088
GS.10.5;No;;;;X;X;X;;X;;;;;X;;;;;;;;X;X;X;X;;;;;0,89;0,89;0,89;;0,89;;;;;0,75;;;;;;;;0,85;0,85;0,85;0,85;;;;;0,89;0,89;0,89;;0,89;;;;;0,75;;;;;;;;0,84;0,84;0,84;0,84;;;;;0,78;0,78;0,78;;0,89;;;;;0,75;;;;;;;;0,68;0,68;0,68;0,68;;;;9;7,72;5,727;7,67;6,67;0,437730
GS.10.6;No;;;;;X;;;X;;;;;;;X;;;;;;;;;;;;;;;0,89;;;0,89;;;;;;;0,66;;;;;;;;;;;;;;;0,89;;;0,89;;;;;;;0,65;;;;;;;;;;;;;;;0,78;;;0,89;;;;;;;0,49;;;;;;;;;;;;;3;2,44;1,279;2,43;2,16;0,165286
GS.10.7;No;;;;;;;;X;;;;;;;;;;;;;;;;;;;;;;;;;0,89;;;;;;;;;;;;;;;;;;;;;;;;;0,89;;;;;;;;;;;;;;;;;;;;;;;;;0,89;;;;;;;;;;;;;;;;;;;;1;0,89;0,893;0,89;0,89;0,054391
GS.10.8;No;;;;;;;;;;;;;;X;;;;;;;;;;;;;;;;;;;;;;;;;0,72;;;;;;;;;;;;;;;;;;;;;;;;;0,72;;;;;;;;;;;;;;;;;;;;;;;;;0,72;;;;;;;;;;;;;;1;0,72;0,724;0,72;0,72;0,036794
GS.10.9;No;;;;;;;;;;;;;;;X;;;;;;;;;;;;;;;;;;;;;;;;;0,66;;;;;;;;;;;;;;;;;;;;;;;;;0,65;;;;;;;;;;;;;;;;;;;;;;;;;0,49;;;;;;;;;;;;;1;0,66;0,165;0,65;0,49;0,044781
GS.10.10;No;;;;;;;;;;;;;;;X;;;;;;;;;;;;;;;;;;;;;;;;;0,66;;;;;;;;;;;;;;;;;;;;;;;;;0,65;;;;;;;;;;;;;;;;;;;;;;;;;0,49;;;;;;;;;;;;;1;0,66;0,165;0,65;0,49;0,044781
GS.10.11;No;;;X;X;X;X;;;;;;;;;;;;;;;;;;;;;;0,89;0,89;0,89;0,89;;;;;;;;;;;;;;;;;;;;;;0,89;0,89;0,89;0,89;;;;;;;;;;;;;;;;;;;;;;0,78;0,78;0,78;0,78;;;;;;;;;;;;;;;;;;;;;;4;3,55;0,887;3,55;3,10;0,272700
"L0_iv.10.4; G0.10.1; G0_iii.10.3; G0_iv.10.2; G2.10.1";Yes;Architectural infeasibility;;;;;X;;;;;;;;;;;;;;;X;;X;X;;X;;;;;0,89;;;;;;;;;;;;;;;0,85;;0,85;0,85;;0,74;;;;;0,89;;;;;;;;;;;;;;;0,84;;0,84;0,84;;0,74;;;;;0,78;;;;;;;;;;;;;;;0,68;;0,68;0,68;;0,74;;5;4,19;3,523;4,15;3,54;0,215554
L0_iv.10.5;Yes;Template drift;;;;;X;;;;;;;;;;;;;;;;;;;;;;;;;0,89;;;;;;;;;;;;;;;;;;;;;;;;;0,89;;;;;;;;;;;;;;;;;;;;;;;;;0,78;;;;;;;;;;;;;;;;;;;;;;1;0,89;0,222;0,89;0,78;0,066242
L1.10.2;Yes;Template drift;;;;;;X;;;;;;;;;;;;;;;;;;;;;;;;;0,80;;;;;;;;;;;;;;;;;;;;;;;;;0,80;;;;;;;;;;;;;;;;;;;;;;;;;0,80;;;;;;;;;;;;;;;;;;;;;1;0,80;0,800;0,80;0,80;0,048774
L2.10.2;Yes;Template drift;;;;;;;X;;;;;;;;;;;;;;;;;;;;;;;;;0,89;;;;;;;;;;;;;;;;;;;;;;;;;0,89;;;;;;;;;;;;;;;;;;;;;;;;;0,89;;;;;;;;;;;;;;;;;;;;1;0,89;0,893;0,89;0,89;0,054391
Q0.10.2;Yes;Template drift;;;;;;;;X;;;;;;;;;;;;;;;;;;;;;;;;;0,76;;;;;;;;;;;;;;;;;;;;;;;;;0,74;;;;;;;;;;;;;;;;;;;;;;;;;0,49;;;;;;;;;;;;;;;;;;;1;0,76;0,190;0,74;0,49;0,032545
Q0.10.3;Yes;Template drift;;;;;;;;X;;;;;;;;;;;;;;;;;;;;;;;;;0,76;;;;;;;;;;;;;;;;;;;;;;;;;0,74;;;;;;;;;;;;;;;;;;;;;;;;;0,49;;;;;;;;;;;;;;;;;;;1;0,76;0,190;0,74;0,49;0,032545
"Q0.10.4; Q1.10.4";Yes;Template drift;;;;;;;;X;;;;X;;;;;;;;;;;;;;;;;;;;;0,76;;;;0,75;;;;;;;;;;;;;;;;;;;;;0,74;;;;0,75;;;;;;;;;;;;;;;;;;;;;0,49;;;;0,75;;;;;;;;;;;;;;;2;1,51;0,940;1,49;1,24;0,059986
Q0.10.5;Yes;Template drift;;;;;;;;X;;;;;;;;;;;;;;;;;;;;;;;;;0,76;;;;;;;;;;;;;;;;;;;;;;;;;0,74;;;;;;;;;;;;;;;;;;;;;;;;;0,49;;;;;;;;;;;;;;;;;;;1;0,76;0,190;0,74;0,49;0,032545
Q0.10.6;Yes;Template drift;;;;;;;;X;;;;;;;;;;;;;;;;;;;;;;;;;0,76;;;;;;;;;;;;;;;;;;;;;;;;;0,74;;;;;;;;;;;;;;;;;;;;;;;;;0,49;;;;;;;;;;;;;;;;;;;1;0,76;0,190;0,74;0,49;0,032545
Q0.10.7;Yes;Template drift;;;;;;;;X;;;;;;;;;;;;;;;;;;;;;;;;;0,76;;;;;;;;;;;;;;;;;;;;;;;;;0,74;;;;;;;;;;;;;;;;;;;;;;;;;0,49;;;;;;;;;;;;;;;;;;;1;0,76;0,190;0,74;0,49;0,032545
"Q0_ii.10.4; Q0_iii.10.3";Yes;Template drift;;;;;;;;;X;X;;;;;;;;;;;;;;;;;;;;;;;;0,76;0,76;;;;;;;;;;;;;;;;;;;;;;;;0,74;0,74;;;;;;;;;;;;;;;;;;;;;;;;0,49;0,49;;;;;;;;;;;;;;;;;2;1,52;0,379;1,48;0,98;0,085440
Q0_iii.10.2;Yes;Contextual misfit;;;;;;;;;;X;;;;;;;;;;;;;;;;;;;;;;;;;0,76;;;;;;;;;;;;;;;;;;;;;;;;;0,74;;;;;;;;;;;;;;;;;;;;;;;;;0,49;;;;;;;;;;;;;;;;;1;0,76;0,190;0,74;0,49;0,039036
Q1.10.3;Yes;Template drift;;;;;;;;;;;;X;;;;;;;;;;;;;;;;;;;;;;;;;0,75;;;;;;;;;;;;;;;;;;;;;;;;;0,75;;;;;;;;;;;;;;;;;;;;;;;;;0,75;;;;;;;;;;;;;;;1;0,75;0,750;0,75;0,75;0,027441
Q2.10.4;Yes;Template drift;;;;;;;;;;;;;X;;;;;;;;;;;;;;;;;;;;;;;;;0,72;;;;;;;;;;;;;;;;;;;;;;;;;0,72;;;;;;;;;;;;;;;;;;;;;;;;;0,72;;;;;;;;;;;;;;1;0,72;0,724;0,72;0,72;0,036794
Q2.10.5;Yes;Template drift;;;;;;;;;;;;;X;;;;;;;;;;;;;;;;;;;;;;;;;0,72;;;;;;;;;;;;;;;;;;;;;;;;;0,72;;;;;;;;;;;;;;;;;;;;;;;;;0,72;;;;;;;;;;;;;;1;0,72;0,724;0,72;0,72;0,036794
M1.10.2;Yes;Architectural infeasibility;;;;;;;;;;;;;;;;;;X;;;;;;;;;;;;;;;;;;;;;;;;;0,75;;;;;;;;;;;;;;;;;;;;;;;;;0,75;;;;;;;;;;;;;;;;;;;;;;;;;0,75;;;;;;;;;1;0,75;0,750;0,75;0,75;0,038417
"M1.10.3; M2.10.2";Yes;Architectural infeasibility;;;;;;;;;;;;;;;;;;X;X;;;;;;;;;;;;;;;;;;;;;;;;0,75;0,61;;;;;;;;;;;;;;;;;;;;;;;;0,75;0,61;;;;;;;;;;;;;;;;;;;;;;;;0,75;0,61;;;;;;;;2;1,36;1,356;1,36;1,36;0,064726
"M1.10.4; M2.10.3";Yes;Architectural infeasibility;;;;;;;;;;;;;;;;;;X;X;;;;;;;;;;;;;;;;;;;;;;;;0,75;0,61;;;;;;;;;;;;;;;;;;;;;;;;0,75;0,61;;;;;;;;;;;;;;;;;;;;;;;;0,75;0,61;;;;;;;;2;1,36;1,356;1,36;1,36;0,064726
"M1.10.5; M2.10.4";Yes;Architectural infeasibility;;;;;;;;;;;;;;;;;;X;X;;;;;;;;;;;;;;;;;;;;;;;;0,75;0,61;;;;;;;;;;;;;;;;;;;;;;;;0,75;0,61;;;;;;;;;;;;;;;;;;;;;;;;0,75;0,61;;;;;;;;2;1,36;1,356;1,36;1,36;0,064726
M2.10.5;Yes;Architectural infeasibility;;;;;;;;;;;;;;;;;;;X;;;;;;;;;;;;;;;;;;;;;;;;;0,61;;;;;;;;;;;;;;;;;;;;;;;;;0,61;;;;;;;;;;;;;;;;;;;;;;;;;0,61;;;;;;;;1;0,61;0,606;0,61;0,61;0,026309
G0_iii.10.1;Yes;Template drift;;;;;;;;;;;;;;;;;;;;;;X;;;;;;;;;;;;;;;;;;;;;;;;;0,85;;;;;;;;;;;;;;;;;;;;;;;;;0,84;;;;;;;;;;;;;;;;;;;;;;;;;0,68;;;;;1;0,85;0,855;0,84;0,68;0,040916
G0_iv.10.4;Yes;Architectural infeasibility;;;;;;;;;;;;;;;;;;;;;;;X;;;;;;;;;;;;;;;;;;;;;;;;;0,85;;;;;;;;;;;;;;;;;;;;;;;;;0,84;;;;;;;;;;;;;;;;;;;;;;;;;0,68;;;;1;0,85;0,855;0,84;0,68;0,040040
G1.10.1;Yes;Architectural infeasibility;;;;;;;;;;;;;;;;;;;;;;;;X;;;;;;;;;;;;;;;;;;;;;;;;;0,60;;;;;;;;;;;;;;;;;;;;;;;;;0,60;;;;;;;;;;;;;;;;;;;;;;;;;0,60;;;1;0,60;0,600;0,60;0,60;0,020949
G1.10.2;Yes;Template drift;;;;;;;;;;;;;;;;;;;;;;;;X;;;;;;;;;;;;;;;;;;;;;;;;;0,60;;;;;;;;;;;;;;;;;;;;;;;;;0,60;;;;;;;;;;;;;;;;;;;;;;;;;0,60;;;1;0,60;0,600;0,60;0,60;0,020949
G1.10.3;Yes;Architectural infeasibility;;;;;;;;;;;;;;;;;;;;;;;;X;;;;;;;;;;;;;;;;;;;;;;;;;0,60;;;;;;;;;;;;;;;;;;;;;;;;;0,60;;;;;;;;;;;;;;;;;;;;;;;;;0,60;;;1;0,60;0,600;0,60;0,60;0,020949
G2.10.2;Yes;Architectural infeasibility;;;;;;;;;;;;;;;;;;;;;;;;;X;;;;;;;;;;;;;;;;;;;;;;;;;0,74;;;;;;;;;;;;;;;;;;;;;;;;;0,74;;;;;;;;;;;;;;;;;;;;;;;;;0,74;;1;0,74;0,737;0,74;0,74;0,026693
